PDB_ID,WT_Residue,Mutant_Residue,Res_Num_PDB,PH,Temperature,Exp_ddG,ddG_PSP_GNM
1A43A,G,A,156,7.3,25,-2.4,-0.88168
1A43A,E,D,159,7.3,25,-4.55,-0.98048
1A43A,R,A,167,7.3,25,-4.55,-0.93504
1A43A,W,A,184,7.3,25,-0.7,-1.50088
1A43A,C,S,218,7.3,25,-3.7,-1.8364
1A5EA,W,D,15,8.5,20,0.19,-1.97016
1A5EA,L,S,37,8.5,20,0.81,-2.06264
1A5EA,L,R,121,8.5,20,0.55,-1.4752
1AEPA,L,K,14,7.4,25,-1.18,-3.48688
1AEPA,T,A,28,7.4,25,0.48,-0.8888
1AEPA,A,K,137,7.4,25,-1.4,-1.82272
1AEPA,T,A,141,7.4,25,-1.03,-0.75336
1AG2A,M,V,129,7,25,-0.11,-1.0512
1AG2A,F,W,175,7,22,-0.05,-1.56328
1AG2A,V,I,180,7,25,-0.25,-0.6864
1AG2A,T,A,183,7,25,-4.04,-0.68192
1AG2A,T,V,190,7,25,0.19,-0.53072
1AG2A,F,S,198,7,25,-2.15,-1.80168
1AG2A,E,K,200,7,25,-0.23,-1.04264
1AG2A,R,H,208,7,25,-1.05,-0.81072
1AG2A,V,I,210,7,25,-0.07,-0.75744
1AG2A,Q,R,217,7,25,-1.88,-0.98784
1AJ3A,F,A,12,7,25,-3.7,-1.5012
1AJ3A,F,L,12,7,25,-1.3,-1.00216
1AJ3A,R,A,14,7,25,-0.3,-1.06976
1AJ3A,R,G,14,7,25,-1.9,-1.09288
1AJ3A,M,A,16,7,25,-2.2,-1.77712
1AJ3A,D,A,17,7,25,-0.2,-0.78144
1AJ3A,D,G,17,7,25,-1.2,-0.88792
1AJ3A,S,A,21,7,25,0.5,-0.91248
1AJ3A,S,G,21,7,25,-0.5,-0.97672
1AJ3A,W,F,22,7.5,25,-1.31,-0.91664
1AJ3A,I,V,23,7,25,-1.6,-1.23592
1AJ3A,E,G,25,7,25,-1.1,-0.92864
1AJ3A,T,G,40,7,25,-0.1,-1.0732
1AJ3A,N,A,44,7,25,0.2,-0.84256
1AJ3A,H,A,49,7,25,-1.4,-1.02232
1AJ3A,R,A,51,7,25,0.3,-0.77144
1AJ3A,R,G,51,7,25,-0.6,-0.94304
1AJ3A,L,A,52,7,25,-2.8,-1.89152
1AJ3A,A,G,54,7,25,-1.1,-1.1376
1AJ3A,L,A,56,7,25,-3.8,-1.88536
1AJ3A,A,G,58,7,25,-1.1,-1.25264
1AJ3A,H,A,59,7,25,-2.3,-0.93336
1AJ3A,I,A,63,7,25,-2.8,-1.7332
1AJ3A,I,V,63,7,25,-0.6,-1.14184
1AJ3A,Q,A,64,7,25,-0.7,-0.89144
1AJ3A,Q,G,64,7,25,-1.8,-0.9764
1AJ3A,V,A,66,7,25,-2.3,-1.90728
1AJ3A,D,A,68,7,25,-0.1,-0.69136
1AJ3A,D,G,68,7,25,-1.3,-0.8668
1AJ3A,K,A,72,7,25,-0.1,-0.58408
1AJ3A,K,G,72,7,25,-1.4,-0.71824
1AJ3A,L,A,73,7,25,-2.4,-2.29152
1AJ3A,I,V,84,7,25,-0.6,-1.16736
1AJ3A,A,G,89,7,25,-1.1,-1.03944
1AJ3A,F,A,91,7,25,-2.8,-2.23512
1AJ3A,F,L,91,7,25,0.5,-1.00368
1AJ3A,W,F,95,7,25,-2.1,-0.86896
1AJ3A,Q,A,100,7,25,0.4,-0.94128
1AJ3A,Q,G,100,7,25,-0.7,-0.98296
1AJ3A,A,G,102,7,25,-2.6,-1.11976
1AJ3A,A,G,104,7,25,-1.8,-1.04016
1AJ3A,R,A,105,7,25,0,-0.86216
1AKYA,T,H,110,6.3,25,-2.13,-0.98464
1AKYA,N,D,169,7.5,25,-2.15,-1.00416
1AKYA,I,F,213,7.5,25,-1.91,-0.9116
1AM7A,H,D,31,7,25,-1.6,-1.33304
1AM7A,H,N,48,7,25,-5,-1.45856
1AMQA,C,A,82,7.5,25,-0.45,-1.83496
1AMQA,C,S,82,7.5,25,-2.44,-2.3876
1AMQA,C,A,191,7.5,25,-1.12,-1.1432
1AMQA,C,F,191,7.5,25,-0.9,-0.82944
1AMQA,C,G,191,7.5,25,-0.02,-1.15968
1AMQA,C,R,191,7.5,25,-1.69,-1.20864
1AMQA,C,S,191,7.5,25,-1.44,-1.20568
1AMQA,C,W,191,7.5,25,-2.25,-0.94816
1AMQA,C,Y,191,7.5,25,-1.05,-1.00904
1AMQA,C,A,192,7.5,25,-1.21,-1.64784
1AMQA,C,S,192,7.5,25,-0.99,-1.86688
1AMQA,C,A,270,7.5,25,-1.68,-2.16264
1ANKA,D,H,84,7.2,51.8,-1.4,-0.80424
1ANKA,G,V,85,7.2,51.8,-2.4,-0.47712
1ANKA,F,L,86,7.2,51.8,-0.8,-0.98528
1ANKA,R,G,88,7.4,51.8,-0.1,-0.84488
1AONU,I,C,3,7.8,25,-0.44,-1.16032
1AONU,I,W,3,7.8,25,-0.25,-1.11
1AONU,V,C,95,7.8,25,-0.25,-1.04952
1APSA,Y,F,11,5.5,28,1.04,-0.27088
1APSA,Y,I,11,5.5,28,-2.24,-0.33992
1APSA,V,A,13,5.5,28,-2.63,-1.94048
1APSA,V,A,17,5.5,28,-1.84,-1.3488
1APSA,V,A,20,5.5,28,-0.28,-1.66192
1APSA,F,L,22,5.5,28,-1.29,-1.3
1APSA,Y,A,25,5.5,28,0.1,-1.21928
1APSA,A,G,30,5.5,28,-1.65,-1.24448
1APSA,V,A,36,5.5,28,-2.54,-1.85072
1APSA,W,F,38,5.5,28,-0.02,-0.51656
1APSA,V,A,39,5.5,28,-1.63,-2.13456
1APSA,T,A,42,5.5,28,-1.84,-0.99712
1APSA,G,A,45,5.5,28,-1.73,-0.8068
1APSA,V,A,47,5.5,28,-1.87,-2.27176
1APSA,V,A,51,5.5,28,-1.88,-2.09248
1APSA,T,S,78,5.5,28,-1.41,-1.17864
1APSA,E,D,83,5.5,28,-1.51,-1.00696
1APSA,I,V,86,5.5,28,-1.57,-1.19152
1APSA,L,A,89,5.5,28,-1.67,-1.72608
1ARRA,R,G,16,7.5,25,-0.64,-1.04632
1ARRA,E,G,17,7.5,25,-0.57,-0.8304
1ARRA,L,Q,19,7.5,25,-0.9,-2.16272
1ARRA,D,G,20,7.5,25,-1.35,-1.01304
1ARRA,R,G,23,7.5,25,-1.04,-1.09488
1ARRA,K,G,24,7.5,25,-1.23,-0.79288
1ARRA,K,T,24,7.5,25,-0.6,-0.64752
1ARRA,E,G,27,7.5,25,-0.43,-0.85464
1ARRA,E,G,28,7.5,25,-0.84,-0.95016
1ARRA,N,G,34,7.5,25,0.23,-0.88944
1ARRA,S,G,35,7.5,25,-0.24,-0.92824
1ARRA,Q,G,39,7.5,25,-0.65,-0.98128
1ARRA,K,G,46,7.5,25,-0.73,-0.92312
1ARRA,K,G,47,7.5,25,-0.57,-0.89032
1ARRA,E,G,48,7.5,25,-1.14,-0.79872
1AZPA,V,I,30,7,50,0.7,-0.90768
1B26A,R,A,190,7,39,-0.36,-0.27976
1B26A,K,A,193,7,39,0.38,0.07016
1B26A,E,A,231,7,39,-0.49,-1.04896
1B8EA,W,Y,19,7.1,30,-3.45,-1.22328
1BLCA,D,N,179,6.5,20,-0.44,-0.95664
1BNIA,I,A,4,6.3,25,-1.11,-1.37632
1BNIA,I,V,4,6.3,25,-0.69,-0.95272
1BNIA,N,A,5,6.3,25,-1.83,-0.67288
1BNIA,T,A,6,6.3,25,-2.21,-0.9912
1BNIA,T,D,6,6.3,25,0.11,-1.10592
1BNIA,T,E,6,6.3,25,-0.27,-1.1096
1BNIA,T,G,6,6.3,25,-1.09,-1.0384
1BNIA,T,H,6,6.8,25,-2.06,-0.9904
1BNIA,T,N,6,6.3,25,-1.27,-1.10056
1BNIA,T,Q,6,6.3,25,-1.87,-1.052
1BNIA,T,S,6,6.3,25,-0.22,-1.08616
1BNIA,F,L,7,6.2,25,-4.35,-1.06368
1BNIA,D,A,8,5.9,25,-0.8,-0.90072
1BNIA,D,G,8,6.3,25,-1.23,-0.96216
1BNIA,D,S,8,6.3,25,-0.84,-0.98256
1BNIA,V,A,10,6.3,25,-3.46,-1.23536
1BNIA,V,T,10,6.3,25,-2.37,-1.30376
1BNIA,D,A,12,6.3,25,-0.09,-1.04752
1BNIA,D,G,12,5.3,25,-0.76,-1.0556
1BNIA,D,S,12,6.3,25,-0.77,-1.06344
1BNIA,L,A,14,6.3,29.6,-4.51,-1.17352
1BNIA,Q,I,15,6.3,25,1.19,-0.80912
1BNIA,H,A,18,6.3,25,-1.99,-1.0224
1BNIA,H,D,18,6.3,25,-2.38,-1.09688
1BNIA,H,G,18,6.6,25,-0.65,-1.05224
1BNIA,H,K,18,6.3,25,-1.05,-1.10864
1BNIA,H,N,18,6.3,25,-1.74,-1.07912
1BNIA,H,Q,18,6.3,25,-1.52,-1.07616
1BNIA,H,R,18,6.3,25,-1.09,-1.05296
1BNIA,H,S,18,6.3,25,-2.19,-1.08536
1BNIA,K,R,19,6.3,25,0.54,-0.96448
1BNIA,D,M,22,4.4,25,-0.27,-0.94288
1BNIA,N,A,23,6.3,25,-2.27,-0.51832
1BNIA,Y,F,24,6.3,25,0.05,-0.77216
1BNIA,I,A,25,6.3,25,-3.59,-1.89224
1BNIA,I,V,25,6.3,25,-1.05,-1.2156
1BNIA,T,A,26,6.3,25,-1.95,-0.8996
1BNIA,T,D,26,6.3,25,-0.04,-1.39384
1BNIA,T,E,26,6.3,25,-0.05,-1.5164
1BNIA,T,G,26,5.9,25,-1.48,-1.06296
1BNIA,T,N,26,6.3,25,-1.29,-1.25048
1BNIA,T,Q,26,6.3,25,-1.72,-1.25728
1BNIA,T,S,26,6.3,25,-0.56,-1.20784
1BNIA,T,V,26,6.3,25,-2.31,-0.22888
1BNIA,K,G,27,6.3,25,-0.3,-0.54544
1BNIA,S,A,28,6.3,25,0.5,-0.83952
1BNIA,S,E,28,6.3,25,0.5,-1.12976
1BNIA,S,G,28,6.3,25,-0.47,-0.95648
1BNIA,E,A,29,6.3,25,-1.28,-0.52368
1BNIA,E,G,29,6.3,25,-1.91,-0.78672
1BNIA,E,Q,29,6.3,25,-0.11,-0.86056
1BNIA,E,S,29,6.3,25,-1.22,-0.88808
1BNIA,Q,A,31,6.3,25,-0.03,-0.6856
1BNIA,Q,G,31,6.3,25,-1.04,-0.8516
1BNIA,Q,S,31,6.3,25,0,-0.99872
1BNIA,A,C,32,6.3,25,-1.42,-0.82952
1BNIA,A,D,32,6.3,25,-0.56,-1.04808
1BNIA,A,E,32,6.3,25,-0.24,-1.05944
1BNIA,A,F,32,6.3,25,-0.56,-0.52472
1BNIA,A,G,32,6.3,25,-0.82,-1.06096
1BNIA,A,H,32,6.3,25,-0.75,-0.9476
1BNIA,A,I,32,6.3,25,-0.74,-0.61368
1BNIA,A,K,32,6.3,25,-0.15,-1.15656
1BNIA,A,L,32,6.3,25,-0.11,-0.52888
1BNIA,A,M,32,6.3,25,-0.19,-0.72568
1BNIA,A,N,32,6.3,25,-0.51,-1.05224
1BNIA,A,Q,32,6.3,25,-0.43,-1.06024
1BNIA,A,R,32,6.3,25,-0.15,-1.03792
1BNIA,A,S,32,6.3,25,-0.28,-1.06032
1BNIA,A,T,32,6.3,25,-0.64,-0.99576
1BNIA,A,V,32,6.3,25,-0.62,-0.73992
1BNIA,A,W,32,6.3,25,-1.07,-0.70344
1BNIA,A,Y,32,6.3,25,-0.75,-0.74328
1BNIA,L,Q,33,6.3,25,-1.34,-1.79576
1BNIA,G,A,34,6.3,25,-2.91,-0.87416
1BNIA,G,D,34,6.3,25,-3.3,-1.19488
1BNIA,G,H,34,6.6,25,-2.62,-0.95264
1BNIA,G,K,34,6.3,25,-2.91,-1.27
1BNIA,G,N,34,6.3,25,-2.72,-1.12464
1BNIA,G,R,34,6.3,25,-2.61,-1.10008
1BNIA,G,S,34,6.3,25,-3.05,-1.0976
1BNIA,G,T,34,6.3,25,-3.28,-0.98288
1BNIA,V,A,36,6.3,25,-1.4,-1.20408
1BNIA,V,T,36,6.3,25,-1.11,-1.2348
1BNIA,N,D,41,6.3,25,-2.54,-1.11456
1BNIA,D,E,44,6.3,25,-0.11,-1.088
1BNIA,V,A,45,6.3,25,-1.61,-1.73904
1BNIA,V,T,45,6.3,25,-2.34,-1.94904
1BNIA,I,A,51,6.3,25,-4.71,-2.53168
1BNIA,I,V,51,5.9,25,-1.66,-1.30528
1BNIA,G,A,53,6.3,54.1,-3.4,-0.58016
1BNIA,D,A,54,6.3,25,-3.04,-0.5664
1BNIA,D,N,54,6,25,-2.42,-1.00592
1BNIA,I,A,55,6.3,25,-1.29,-1.83832
1BNIA,I,T,55,6.3,25,-0.94,-1.9052
1BNIA,I,V,55,6.3,25,-0.37,-1.26088
1BNIA,S,A,57,6.3,25,0.15,-0.8816
1BNIA,N,A,58,6.3,25,-2.27,-0.63688
1BNIA,N,D,58,6.3,25,0.4,-1.1252
1BNIA,K,R,62,6.3,25,-0.35,-0.63176
1BNIA,G,S,65,6.3,25,0.74,-1.1344
1BNIA,K,A,66,6.3,25,0.59,-0.8304
1BNIA,R,K,69,6.3,25,-3.2,-1.23136
1BNIA,R,M,69,5.5,25,-2.04,-0.4912
1BNIA,R,S,69,6.3,25,-2.83,-1.00944
1BNIA,E,A,73,6.3,25,-2.4,-0.2812
1BNIA,E,F,73,6.3,25,-2.1,0.83088
1BNIA,E,Q,73,6.3,25,-2.7,-0.7748
1BNIA,E,W,73,6.3,25,-2.2,0.56864
1BNIA,I,A,76,6.3,25,-1.71,-2.07288
1BNIA,I,V,76,6.3,25,-0.87,-1.10832
1BNIA,N,A,77,6.3,25,-1.63,-0.854
1BNIA,Y,F,78,6.3,25,-1.35,-0.56936
1BNIA,T,V,79,6.3,25,0.24,-0.44096
1BNIA,R,K,83,6.3,25,-4.43,-1.474
1BNIA,R,Q,83,5.5,25,-1.47,-1.17472
1BNIA,N,A,84,6.3,25,-1.94,-0.84392
1BNIA,S,A,85,6.3,25,0.08,-0.81272
1BNIA,I,A,88,6.3,29.9,-4.01,-1.7804
1BNIA,I,L,88,6.3,25,-0.16,-0.84904
1BNIA,I,V,88,6.1,29,-1.41,-1.17872
1BNIA,L,T,89,6.3,25,-2.82,-1.74504
1BNIA,L,V,89,6.3,25,-0.3,-1.19664
1BNIA,S,A,91,5.7,25,-1.84,-0.8888
1BNIA,S,A,92,5.9,25,-2.89,-0.85344
1BNIA,D,N,93,6.3,25,-4.03,-1.05504
1BNIA,W,F,94,7.3,25,-1.04,-0.88464
1BNIA,W,L,94,7.8,25,-1.12,-0.9084
1BNIA,W,Y,94,7.3,25,-1.24,-1.03736
1BNIA,I,A,96,6.3,28.4,-3.31,-1.14176
1BNIA,I,V,96,5.9,28.1,-0.97,-0.97832
1BNIA,T,V,99,6.3,25,-2.87,-0.906
1BNIA,H,A,102,6.3,25,-0.24,-1.11064
1BNIA,Y,F,103,6.3,25,-0.06,-0.74136
1BNIA,Q,A,104,6.3,25,-0.13,-1.0088
1BNIA,T,V,105,6.3,25,-2.21,-0.91512
1BNIA,I,A,109,6.3,25,-1.74,-1.15312
1BNIA,I,V,109,6.3,25,-0.8,-1.2416
1BNIA,R,A,110,6.3,25,-0.1,-0.9808
1BTAA,K,A,21,8,25,-1.04,-0.88984
1BTAA,K,Q,21,8,25,-1.09,-0.93144
1BTAA,C,A,40,7,25,0.1,-1.64904
1BTAA,E,K,57,8,25,-0.7,-1.1052
1BTAA,K,L,60,8,25,0.55,1.054
1BTAA,R,Q,75,8,25,-0.37,-1.07
1BTAA,K,A,78,8,25,-0.05,-0.406
1BTAA,K,Q,78,8,25,0.38,-0.7268
1BTAA,C,A,82,7.2,25,-0.1,-1.25
1BVCA,W,F,7,7.8,4,-0.9,-0.62392
1BVCA,W,F,14,7.8,4,-1.1,-1.12176
1BVCA,I,A,28,6.6,36.8,-0.86,-1.12024
1BVCA,I,L,28,11,76.5,-0.6,-0.8476
1BVCA,I,M,28,11,76.5,-0.6,-1.1952
1BVCA,I,V,28,11,76.5,0,-1.24528
1BVCA,L,A,29,6.6,36.8,-0.63,-2.57976
1BVCA,L,I,29,11,76.5,-1.1,-1.2984
1BVCA,L,M,29,11,76.5,0.1,-1.60752
1BVCA,L,V,29,11,76.5,-1.7,-1.70016
1BVCA,I,A,30,5.2,25,-0.65,-2.16752
1BVCA,L,A,32,5.2,25,-0.92,-1.6068
1BVCA,H,Q,36,7.8,3.7,-0.83,-1.34488
1BVCA,L,I,49,11,76.5,-0.8,-1.14304
1BVCA,H,Q,64,7,0,-0.45,-1.39896
1BVCA,V,T,68,7.8,4,-0.6,-1.3976
1BVCA,L,A,69,11,76.5,-1.2,-2.1316
1BVCA,L,I,69,11,76.5,0,-1.18344
1BVCA,L,M,69,11,76.5,0,-1.45184
1BVCA,L,V,69,11,76.5,-0.1,-1.50928
1BVCA,H,Q,82,7,0,-0.05,-1.04928
1BVCA,H,G,93,7,0,0.04,-1.32376
1BVCA,I,A,111,11,76.5,-1.8,-1.27832
1BVCA,I,L,111,11,76.5,-0.6,-0.90712
1BVCA,I,M,111,11,76.5,-1.1,-1.09064
1BVCA,H,Q,113,7,0,-0.26,-1.16912
1BVCA,F,K,123,7.8,4,-2.1,-3.70424
1BVCA,F,T,123,7.5,0,-2.62,-2.92928
1BVCA,A,K,130,7.8,3.8,-2.17,-2.0092
1BVCA,A,L,130,7.8,3.8,-0.99,-0.59616
1BVCA,M,A,131,7.8,4,-2.2,-2.10296
1BVCA,L,I,135,11,76.5,-1.5,-1.19976
1BVCA,L,M,135,11,76.5,-0.8,-1.09128
1BVCA,L,V,135,11,76.5,-2.2,-1.1128
1BVCA,I,A,142,11,76.5,-1.1,-1.68488
1BVCA,I,L,142,11,76.5,0.6,-0.82032
1BVCA,I,M,142,11,76.5,0.9,-1.11328
1BVCA,I,V,142,11,76.5,-0.1,-1.15
1C9OA,Q,L,2,7,47.6,0.48,-0.74456
1C9OA,R,A,3,7,70,-1.88,-0.9696
1C9OA,R,E,3,7,47.6,-1.46,-1.4348
1C9OA,R,K,3,7,70,-0.19,-1.29872
1C9OA,R,L,3,7,47.6,-0.11,-0.09168
1C9OA,N,S,11,7,47.6,0.11,-0.98608
1C9OA,Y,F,15,7,47.6,-0.05,-0.73736
1C9OA,E,K,21,7,75,-0.31,-1.28248
1C9OA,H,E,29,7,75,-0.61,-1.60712
1C9OA,T,S,31,7,47.6,0.1,-1.15888
1C9OA,E,K,36,7,75,-0.45,-1.1544
1C9OA,E,A,46,7,47.6,0.01,-0.56936
1C9OA,E,K,46,7,75,-0.57,-1.41152
1C9OA,E,W,50,7,25,0.07,0.00176
1C9OA,Q,E,53,7,47.6,-0.03,-1.08744
1C9OA,V,T,64,7,47.6,-0.3,-1.88768
1C9OA,L,E,66,7,47.6,-0.97,-1.75016
1CAHA,W,F,5,7.5,23,-1.8,-0.77832
1CAHA,C,S,206,7.5,23,2.35,-1.88064
1CEYA,D,A,13,7,25,2.7,-0.56296
1CEYA,A,G,48,8,25,0.06,-1.01768
1CEYA,A,G,74,8,25,-0.31,-1.1832
1CEYA,A,G,90,8,25,0.35,-1.19464
1CEYA,A,G,101,8,25,-0.95,-1.28128
1CEYA,A,G,113,8,25,-0.75,-1.12464
1CHKA,W,F,28,7,43.2,-4.43,-0.92536
1CHKA,W,F,101,7,43.2,-4.27,-0.74024
1CHKA,W,F,227,7,43.2,-2.51,-0.70624
1CSEI,V,A,14,7,25,-1.04,-1.65816
1CSEI,V,A,18,7,25,-1.2,-1.51952
1CSEI,L,A,27,7,25,-0.16,-1.39032
1CSEI,V,A,62,7,25,-1.01,-2.0216
1CSPA,M,R,1,7,70,1.75,-1.0936
1CSPA,E,K,3,7,70,2.75,-0.82064
1CSPA,E,L,3,7,70,1.59,0.04952
1CSPA,E,R,3,7.3,52.8,1.77,-0.44832
1CSPA,N,D,10,7.5,55,0.38,-1.12
1CSPA,F,A,15,7,43.3,-2.07,-1.34776
1CSPA,F,A,17,7,43.3,-1.47,-1.58976
1CSPA,D,Q,25,7.5,55,-0.79,-1.04464
1CSPA,F,A,27,7,43.3,-0.84,-1.5624
1CSPA,A,E,46,7,70,-0.59,-1.45728
1CSPA,A,K,46,7,70,1.41,-1.51064
1CSPA,S,E,48,7.5,55,0.04,-1.10616
1CSPA,E,Q,50,7.5,55,-1.16,-0.85328
1CSPA,K,I,65,7,70,1.53,0.60736
1CSPA,E,K,66,7,70,2.18,-1.01296
1CSPA,E,L,66,7,47.6,1.6,-0.01072
1CUNA,Q,A,115,7,25,-0.15,-0.47224
1CUNA,F,L,117,7,25,-2.55,-0.95664
1CUNA,A,G,119,7,25,-1.75,-1.30952
1CUNA,V,A,163,7,25,0.15,-1.52952
1CUNA,V,G,163,7,25,-0.85,-1.64992
1CUNA,H,A,164,7,25,-2.35,-1.0808
1CUNA,V,A,171,7,25,-1.55,-1.82368
1CUNA,G,A,198,7,25,0.45,-0.90448
1CUNA,A,G,206,7,25,-2.25,-1.23792
1DKTA,I,V,6,7.5,10,-0.57,-0.91152
1DKTA,Y,A,8,7.5,10,-0.68,-1.25696
1DKTA,F,L,17,7.5,10,-2.58,-0.9832
1DKTA,E,A,18,7.5,10,-0.81,-0.86304
1DKTA,V,A,22,7.5,10,-1.36,-1.71816
1DKTA,V,A,32,7.5,10,-1.07,-1.60024
1DKTA,L,A,46,7.5,10,-2.04,-1.02512
1DKTA,V,G,55,7.5,10,-2.04,-1.29848
1DKTA,H,A,65,7.5,10,-0.51,-0.94296
1DKTA,L,A,67,7.5,10,-1.98,-1.7212
1DKTA,R,A,70,7.5,10,-2.8,-1.01744
1E65A,V,A,5,7,25,0,-1.46496
1E65A,I,A,7,7,25,-3.11,-1.59816
1E65A,I,A,20,7,25,-1.56,-1.87096
1E65A,I,V,20,7,25,-0.38,-1.04928
1E65A,V,A,22,7,25,-1.44,-1.90976
1E65A,V,T,22,7,25,-0.96,-2.09184
1E65A,H,G,46,7,20,-2.5,-1.49168
1E65A,L,T,50,7,25,-2.34,-2.2604
1E65A,I,A,81,7,25,-2.39,-1.8432
1E65A,I,T,81,7,25,-2.51,-2.02072
1E65A,I,V,81,7,25,-0.07,-1.1816
1E65A,F,S,110,7.3,26.5,-3.95,-2.31832
1E65A,L,A,125,7,25,-0.72,-1.34096
1EY0A,K,A,6,7,20,0.19,-0.91496
1EY0A,K,G,6,7,20,0.25,-0.92776
1EY0A,L,A,7,7,20,-1.35,-1.40848
1EY0A,L,G,7,7,20,-1.26,-1.50808
1EY0A,L,I,7,7,20,-0.77,-1.09432
1EY0A,H,A,8,7,20,-0.48,-1.072
1EY0A,H,G,8,7,20,-0.85,-1.20392
1EY0A,K,A,9,7,20,-1.38,-0.72136
1EY0A,K,G,9,7,20,-1.88,-0.85952
1EY0A,E,A,10,7,20,-1.34,-0.61096
1EY0A,E,G,10,7,20,-1.86,-0.85984
1EY0A,E,K,10,7,20,-1.98,-1.06664
1EY0A,E,Q,10,7,20,-0.97,-0.85344
1EY0A,A,G,12,7,20,-2.37,-1.28096
1EY0A,A,V,12,7,20,-0.89,-0.5776
1EY0A,T,A,13,7,20,-0.73,-0.98688
1EY0A,T,G,13,7,20,-1.16,-1.08312
1EY0A,T,I,13,7,20,-0.05,-0.62592
1EY0A,T,S,13,7,20,-0.35,-1.0904
1EY0A,T,V,13,7,20,-0.26,-0.74304
1EY0A,L,A,14,7,20,-2.38,-1.39224
1EY0A,L,G,14,7,20,-3.84,-1.53208
1EY0A,L,I,14,7,20,-1.6,-1.07096
1EY0A,K,A,16,7,20,-0.06,-0.82048
1EY0A,K,F,16,7,20,-0.38,-0.46072
1EY0A,K,G,16,7,20,-0.76,-0.90496
1EY0A,A,G,17,7,20,0.19,-1.12872
1EY0A,A,V,17,7,20,-1.94,-0.53088
1EY0A,I,A,18,7,20,-2.65,-1.51312
1EY0A,I,G,18,7,20,-2.63,-1.57216
1EY0A,I,L,18,7,20,-0.14,-0.91064
1EY0A,I,M,18,6.7,23.6,-0.68,-1.16192
1EY0A,I,V,18,7,20,-0.96,-1.16248
1EY0A,D,A,19,7,20,-0.09,-0.62176
1EY0A,D,G,19,7,20,-0.42,-0.81408
1EY0A,D,K,19,7,20,-0.41,-1.47712
1EY0A,D,N,19,7,20,0.07,-0.98168
1EY0A,G,A,20,7,20,-0.12,-0.62232
1EY0A,G,V,20,7,20,-2.18,0.66112
1EY0A,D,A,21,7,20,0.83,-0.32576
1EY0A,D,G,21,7,20,0.46,-0.59648
1EY0A,D,N,21,7,20,1.43,-0.84368
1EY0A,T,A,22,7,20,-1.69,-0.91824
1EY0A,T,C,22,7,20,-0.95,-0.82912
1EY0A,T,G,22,7,20,-2.54,-1.07824
1EY0A,T,S,22,7,20,-0.74,-1.14288
1EY0A,T,V,22,7,20,-0.85,-0.76904
1EY0A,V,A,23,6.2,22.5,-2.7,-1.42992
1EY0A,V,F,23,6.2,29.2,-1.93,-0.84248
1EY0A,V,S,23,7,20,-4.76,-1.68168
1EY0A,V,T,23,7,20,-3.34,-1.54736
1EY0A,K,A,24,7,20,-0.34,-0.91168
1EY0A,K,G,24,7,20,-1.6,-0.92
1EY0A,L,A,25,6.4,40.2,-2.77,-1.17224
1EY0A,L,G,25,7,20,-4.58,-1.20328
1EY0A,L,I,25,7,20,-1.83,-1.03536
1EY0A,L,V,25,7,20,-1.85,-1.07328
1EY0A,M,A,26,7,20,-1.61,-1.10392
1EY0A,M,G,26,6.2,22.5,-1.95,-1.13584
1EY0A,M,I,26,7,20,-0.84,-0.96096
1EY0A,M,L,26,7,20,-0.31,-0.93624
1EY0A,Y,A,27,7,20,-3.63,-1.27968
1EY0A,Y,F,27,7,20,-0.4,-0.76816
1EY0A,Y,H,27,7,20,-1.86,-1.26872
1EY0A,Y,I,27,7,20,-2.28,-0.85936
1EY0A,Y,K,27,7,20,-3.78,-1.50968
1EY0A,Y,L,27,7,20,-1.55,-0.75136
1EY0A,Y,M,27,7,20,-1.94,-0.99384
1EY0A,Y,N,27,7,20,-3.83,-1.42056
1EY0A,Y,Q,27,7,20,-3.31,-1.38968
1EY0A,Y,R,27,7,20,-3.05,-1.32928
1EY0A,Y,S,27,7,20,-3.21,-1.38952
1EY0A,Y,T,27,7,20,-3.18,-1.288
1EY0A,Y,V,27,7,20,-2.65,-1.0072
1EY0A,Y,W,27,7,20,-0.72,-0.98192
1EY0A,K,A,28,7,20,-0.7,-0.84064
1EY0A,K,E,28,7,20,-0.79,-1.04328
1EY0A,K,F,28,7,20,-0.85,-0.4976
1EY0A,K,G,28,7,20,-0.8,-0.90768
1EY0A,K,Q,28,7,20,-0.28,-0.9356
1EY0A,G,A,29,7,20,-1.41,-0.97752
1EY0A,G,C,29,7,20,-1.26,-0.91072
1EY0A,G,F,29,7,20,-1.46,-0.81712
1EY0A,M,A,32,7,20,-1.81,-1.19888
1EY0A,M,G,32,7,20,-2.54,-1.21728
1EY0A,M,I,32,7,20,-0.56,-0.99256
1EY0A,M,L,32,7,20,-0.76,-0.90424
1EY0A,T,A,33,7,20,-1.52,-0.97784
1EY0A,T,G,33,7,20,-2.62,-0.99928
1EY0A,T,I,33,7,20,0.73,-0.7352
1EY0A,T,S,33,7,20,-1.35,-1.07464
1EY0A,T,V,33,7,20,0.47,-0.8452
1EY0A,F,A,34,7,20,-3.8,-1.17144
1EY0A,R,A,35,7,20,-1.38,-0.98848
1EY0A,R,G,35,7,20,-2.26,-1.0096
1EY0A,L,A,36,7,20,-3.66,-2.31096
1EY0A,L,I,36,7,20,-3.09,-1.20008
1EY0A,L,A,37,7,20,-1.51,-2.2228
1EY0A,L,G,37,7,20,-3.79,-2.32672
1EY0A,L,V,37,7,20,-2.78,-1.69704
1EY0A,L,A,38,7,20,-1.51,-2.0136
1EY0A,L,G,38,7,20,-0.28,-2.09408
1EY0A,L,I,38,7,20,-2.06,-1.44192
1EY0A,L,V,38,7,20,-0.14,-1.49256
1EY0A,V,A,39,7,20,-2.16,-1.89896
1EY0A,V,G,39,7,20,-4.61,-2.20312
1EY0A,V,S,39,7,20,-2.44,-2.30264
1EY0A,V,T,39,7,20,-1.55,-2.07128
1EY0A,D,A,40,7,20,0.41,-0.12568
1EY0A,D,G,40,7,20,-0.38,-0.5284
1EY0A,T,A,41,7,20,0.07,-0.706
1EY0A,T,C,41,7,20,0.74,-0.54344
1EY0A,T,G,41,7,20,-1.79,-1.08496
1EY0A,T,S,41,7,20,-0.88,-1.33472
1EY0A,T,V,41,7,20,0.9,-0.358
1EY0A,E,A,43,7,20,0.32,-0.23232
1EY0A,E,D,43,7,20,0.2,-0.86504
1EY0A,E,G,43,7,20,0.59,-0.45568
1EY0A,T,A,44,7,20,-0.23,-0.88856
1EY0A,T,G,44,7,20,-0.37,-1.07496
1EY0A,T,I,44,7,20,-0.56,0.42896
1EY0A,T,S,44,7,20,0.04,-1.25216
1EY0A,T,V,44,7,20,0.09,0.07576
1EY0A,K,A,45,7,20,0.19,-0.43024
1EY0A,K,G,45,7,20,0.2,-0.6044
1EY0A,H,A,46,7,20,-0.45,-1.0344
1EY0A,H,G,46,7,20,-0.17,-1.1388
1EY0A,H,Y,46,5.4,40,0,-0.64024
1EY0A,K,A,48,7,20,0.09,-0.91488
1EY0A,K,E,48,7,20,0.1,-0.87576
1EY0A,K,G,48,7,20,0.24,-0.92768
1EY0A,K,Q,48,7,20,-0.02,-0.91648
1EY0A,K,A,49,7,20,-0.25,-0.77352
1EY0A,K,F,49,7,20,0.2,-0.38872
1EY0A,K,G,49,7,20,-0.1,-0.8492
1EY0A,G,A,50,7,20,0.16,-0.922
1EY0A,G,C,50,7,20,-0.75,-0.56688
1EY0A,G,F,50,7,20,-0.55,-0.09624
1EY0A,G,V,50,7,20,-1,-0.44848
1EY0A,V,A,51,7,20,-0.05,-1.62128
1EY0A,V,G,51,7,20,-0.17,-1.7264
1EY0A,V,I,51,7,20,0.09,-0.73848
1EY0A,V,S,51,7,20,0.01,-1.80736
1EY0A,V,T,51,7,20,0.2,-1.65672
1EY0A,E,A,52,7,20,-0.05,-0.81264
1EY0A,E,F,52,7,20,-0.51,0.15992
1EY0A,E,G,52,7,20,-0.27,-0.91256
1EY0A,K,A,53,7,20,-0.17,-0.77696
1EY0A,K,G,53,7,20,-0.08,-0.91168
1EY0A,Y,A,54,7,20,-1.97,-1.59624
1EY0A,Y,G,54,7,20,-1.72,-1.85024
1EY0A,Y,L,54,7,20,-3.31,-0.34896
1EY0A,G,A,55,7,20,-0.44,-0.70328
1EY0A,E,A,57,7,20,-0.1,-0.56424
1EY0A,E,C,57,7,20,-0.64,-0.17672
1EY0A,E,F,57,7,20,-0.79,0.11384
1EY0A,E,G,57,7,20,-1.41,-0.75512
1EY0A,E,K,57,7,20,0.01,-1.25568
1EY0A,E,Q,57,7,20,-0.14,-0.85984
1EY0A,A,G,58,7,20,-2.53,-1.30176
1EY0A,A,V,58,7,20,-2.63,-0.03752
1EY0A,S,A,59,7,20,0.62,-0.59192
1EY0A,S,F,59,7,20,0.56,1.02568
1EY0A,S,G,59,7,20,-1.03,-0.83296
1EY0A,A,C,60,7,20,-1.12,-0.6784
1EY0A,A,F,60,7,20,-0.8,-0.23976
1EY0A,A,G,60,7,20,-1.45,-1.06576
1EY0A,A,V,60,7,20,-2.68,-0.58496
1EY0A,F,A,61,7,20,-2.34,-1.50528
1EY0A,F,G,61,7,20,-4.76,-1.67768
1EY0A,T,A,62,7,20,-2.23,-0.8064
1EY0A,T,C,62,7,20,-1.05,-0.10072
1EY0A,T,G,62,7,20,-3.52,-1.16312
1EY0A,T,I,62,7,20,-1.17,0.66168
1EY0A,T,S,62,7,20,-2.15,-1.32224
1EY0A,T,V,62,7,20,0.1,0.13072
1EY0A,K,A,63,7,20,-0.32,-0.36984
1EY0A,K,E,63,7,20,-1.47,-0.8376
1EY0A,K,F,63,7,20,-1.83,0.22336
1EY0A,K,G,63,7,20,-1.57,-0.53512
1EY0A,K,A,64,7,20,0.16,-0.66008
1EY0A,K,E,64,7,20,-1.68,-0.91992
1EY0A,K,F,64,7,20,-0.09,-0.28136
1EY0A,K,G,64,7,20,-0.51,-0.74744
1EY0A,K,Q,64,7,20,0,-0.8428
1EY0A,M,A,65,7,20,-2.06,-1.05376
1EY0A,M,G,65,7,20,-4.66,-1.21584
1EY0A,M,L,65,7,20,-0.73,-0.76624
1EY0A,V,A,66,7,20,-2.34,-1.87328
1EY0A,V,G,66,7,20,-4.49,-2.2632
1EY0A,V,K,66,9.2,20,-4.83,-3.00168
1EY0A,V,L,66,6.8,28.9,0.37,-0.98432
1EY0A,V,M,66,8.2,20,-0.14,-1.0116
1EY0A,V,S,66,7,20,-3.09,-2.44152
1EY0A,V,T,66,7,20,-1.34,-2.15376
1EY0A,V,W,66,7,20,-2.69,-1.02272
1EY0A,E,A,67,7,20,-1.05,-0.76128
1EY0A,E,F,67,7,20,-1.33,-0.24592
1EY0A,E,G,67,7,20,-1,-0.9184
1EY0A,E,Q,67,7,20,-0.57,-0.98544
1EY0A,N,A,68,7,20,-0.38,-0.84784
1EY0A,N,G,68,7,20,-0.35,-0.94792
1EY0A,A,G,69,7,20,-2.1,-1.2004
1EY0A,A,T,69,7,20,-3.03,-1.13576
1EY0A,A,V,69,7,20,-2.8,-0.60104
1EY0A,K,A,70,7,20,-0.16,-0.79984
1EY0A,K,C,70,7,20,-0.48,-0.54584
1EY0A,K,F,70,7,20,-0.03,-0.17688
1EY0A,K,G,70,7,20,-0.6,-0.9148
1EY0A,K,Q,70,7,20,-0.25,-0.96648
1EY0A,K,W,70,7,20,-0.4,-0.42096
1EY0A,K,A,71,7,20,-0.55,-0.34928
1EY0A,K,F,71,7,20,0.04,0.74528
1EY0A,K,G,71,7,20,-1.31,-0.53848
1EY0A,I,M,72,7,20,-1.88,-1.06336
1EY0A,I,V,72,7,20,-1.79,-1.1148
1EY0A,E,A,73,7,20,-1.46,-0.3348
1EY0A,E,F,73,7,20,-0.88,0.58904
1EY0A,E,G,73,7,20,-2.76,-0.61272
1EY0A,E,K,73,7,20,-2.06,-1.02976
1EY0A,E,Q,73,7,20,-0.64,-0.73104
1EY0A,V,A,74,7,20,-3.23,-1.84424
1EY0A,V,I,74,7,20,-1.91,-0.6436
1EY0A,V,T,74,7,20,-3.88,-2.0288
1EY0A,E,A,75,6.2,22.5,-1.69,-0.39288
1EY0A,E,G,75,7,20,-3.43,-0.74168
1EY0A,E,K,75,7,20,-2.22,-1.11344
1EY0A,E,Q,75,7,20,-0.61,-0.78872
1EY0A,E,V,75,7,20,-2.31,-0.4048
1EY0A,F,A,76,7,20,-4.1,-1.31456
1EY0A,F,G,76,7,20,-4.73,-1.53496
1EY0A,D,A,77,6.5,21.6,-2.39,-0.75504
1EY0A,D,G,77,7,20,-1.81,-0.93464
1EY0A,D,N,77,7,20,-2.69,-1.01272
1EY0A,K,A,78,7,20,-0.5,-0.44424
1EY0A,K,C,78,7,20,-0.26,-0.02352
1EY0A,K,E,78,7,20,-0.69,-0.62224
1EY0A,K,F,78,7,20,0.05,0.3884
1EY0A,K,G,78,7,20,-1.07,-0.5704
1EY0A,G,A,79,7,20,-2.17,-0.88768
1EY0A,G,D,79,7,20,-2.28,-1.09384
1EY0A,G,S,79,6.5,31.5,-2.14,-1.09592
1EY0A,G,V,79,7,20,-2.23,-0.51952
1EY0A,Q,A,80,7,20,-0.02,-0.85784
1EY0A,Q,F,80,7,20,-0.58,-0.65544
1EY0A,Q,G,80,7,20,-1.25,-0.98488
1EY0A,R,A,81,7,20,-1.1,-0.84224
1EY0A,R,G,81,7,20,-2.06,-0.9984
1EY0A,T,A,82,7,20,-0.89,-0.99888
1EY0A,T,G,82,7,20,-2.03,-1.03312
1EY0A,T,S,82,7,20,-0.75,-1.12152
1EY0A,T,V,82,7,20,0.24,-0.90264
1EY0A,D,A,83,7,20,-3.76,-0.92784
1EY0A,D,G,83,7,20,-2.64,-0.99824
1EY0A,G,A,86,7,20,-0.31,-0.90576
1EY0A,G,V,86,7,20,-3.74,-0.75832
1EY0A,R,A,87,7,20,-0.79,-0.86984
1EY0A,R,G,87,7,20,-2.53,-0.93624
1EY0A,G,A,88,7,20,0.19,-0.8656
1EY0A,G,V,88,6.8,28.9,-0.24,-0.65088
1EY0A,G,W,88,7,20,-0.1,-0.62504
1EY0A,L,A,89,7,20,-2.6,-1.12072
1EY0A,L,F,89,5.4,40,-1.2,-1.00928
1EY0A,L,G,89,7,20,-3.18,-1.30432
1EY0A,L,V,89,7,20,-1.42,-1.46056
1EY0A,A,G,90,7,20,-1.92,-1.17328
1EY0A,A,S,90,6.7,30.3,-2.24,-1.21464
1EY0A,A,V,90,7,20,0.04,-0.50432
1EY0A,Y,F,91,7,20,-2.27,-0.28384
1EY0A,Y,L,91,7,20,-3.83,-0.30544
1EY0A,I,A,92,7,20,-4.12,-1.35952
1EY0A,I,L,92,7,20,-0.6,-0.88808
1EY0A,I,V,92,7,20,-0.46,-1.25336
1EY0A,Y,F,93,7,20,-1.81,-0.70864
1EY0A,Y,L,93,7,20,-4.53,-0.69488
1EY0A,A,G,94,7,20,-2.54,-1.41064
1EY0A,A,V,94,7,20,-1.13,0.01032
1EY0A,D,A,95,7,20,-3.5,-0.58976
1EY0A,D,G,95,7,20,-2.93,-0.83376
1EY0A,G,A,96,7,20,-1.8,-0.85784
1EY0A,K,A,97,7,20,-0.22,-0.5796
1EY0A,K,E,97,7,20,-0.47,-0.98992
1EY0A,K,F,97,7,20,-0.58,0.39736
1EY0A,K,G,97,7,20,-1.85,-0.7628
1EY0A,K,Q,97,7,20,-0.3,-0.8276
1EY0A,M,A,98,7,20,-4.43,-1.8268
1EY0A,M,G,98,7,20,-4.44,-2.08816
1EY0A,M,I,98,7,20,-4.39,-0.83616
1EY0A,M,L,98,7,20,-2.3,-0.7036
1EY0A,V,A,99,7,20,-3.35,-2.07576
1EY0A,V,I,99,7,20,-0.14,-0.61856
1EY0A,V,L,99,7,20,-0.15,-1.07872
1EY0A,V,T,99,7,20,-3.36,-2.47224
1EY0A,N,G,100,7,20,-4.98,-0.60064
1EY0A,E,A,101,7,20,-1.36,-0.32264
1EY0A,E,F,101,7,20,-2.74,0.26688
1EY0A,E,G,101,7,20,-2.47,-0.71928
1EY0A,A,F,102,7,20,-1.71,-0.55824
1EY0A,A,G,102,7,20,-1.37,-1.24328
1EY0A,A,V,102,7,20,-1.84,-0.70536
1EY0A,L,A,103,7,20,-4.6,-2.22864
1EY0A,L,I,103,7,20,-1.11,-1.13552
1EY0A,L,V,103,7,20,-2.05,-1.61184
1EY0A,V,A,104,7,20,-2.82,-2.03944
1EY0A,V,L,104,7,20,-0.76,-0.65256
1EY0A,V,S,104,7,20,-4.86,-2.52416
1EY0A,V,T,104,7,20,-2.45,-2.21952
1EY0A,R,A,105,7,20,-1.32,-0.80656
1EY0A,R,F,105,7,20,-2.84,0.414
1EY0A,R,G,105,7,20,-2.4,-0.99264
1EY0A,Q,A,106,7,20,0.25,-0.85664
1EY0A,Q,G,106,7,20,-1.5,-0.94984
1EY0A,G,A,107,7,20,-4.41,-0.84824
1EY0A,L,I,108,7,20,-3.34,-1.2496
1EY0A,A,G,109,7,20,-0.98,-1.22088
1EY0A,A,V,109,7,20,-2.82,-0.006
1EY0A,K,A,110,7,20,-1.13,-0.10056
1EY0A,K,G,110,7,20,-2.59,-0.43728
1EY0A,V,A,111,7,20,-4.26,-0.70136
1EY0A,V,G,111,7,20,-4.82,-0.90032
1EY0A,V,S,111,7,20,-4.71,-0.94944
1EY0A,V,T,111,7,20,-2.36,-0.78712
1EY0A,A,C,112,7,20,-0.75,-0.85752
1EY0A,A,F,112,7,20,-1.35,-0.37144
1EY0A,A,G,112,7,20,0.2,-1.12768
1EY0A,A,V,112,7,20,-1.19,-0.75856
1EY0A,Y,A,113,7,20,0.06,-1.08896
1EY0A,Y,F,113,7,20,0.07,-1.0488
1EY0A,Y,G,113,7,20,-0.2,-1.09544
1EY0A,Y,L,113,7,20,0.2,-1.05584
1EY0A,Y,A,115,7,20,-0.25,-1.06384
1EY0A,Y,F,115,7,20,-0.02,-0.92544
1EY0A,Y,G,115,7,20,-0.56,-1.0692
1EY0A,Y,L,115,7,20,-0.22,-0.92288
1EY0A,K,A,116,7,20,0.69,-0.82296
1EY0A,K,F,116,7,20,0.21,-0.52112
1EY0A,K,G,116,7,20,1.05,-0.8412
1EY0A,N,A,118,7,20,-1.88,-0.72296
1EY0A,N,D,118,7,20,-2.34,-1.0628
1EY0A,N,G,118,7,20,-1.61,-0.89632
1EY0A,N,A,119,7,20,-1.03,-0.8768
1EY0A,N,G,119,7,20,-0.97,-0.95336
1EY0A,T,A,120,7,20,-1.08,-0.98552
1EY0A,T,C,120,7,20,-1.59,-0.83368
1EY0A,T,G,120,7,20,-1.87,-1.05088
1EY0A,T,I,120,7,20,-1.54,-0.74376
1EY0A,T,S,120,7,20,-0.57,-1.0716
1EY0A,T,V,120,7,20,-1.63,-0.79208
1EY0A,H,A,121,7,20,-2.92,-1.0992
1EY0A,H,G,121,7,20,-4.09,-1.1404
1EY0A,E,A,122,7,20,-0.27,-1.04968
1EY0A,E,F,122,7,20,-0.44,-0.89296
1EY0A,E,G,122,7,20,-1.99,-1.06208
1EY0A,E,K,122,7,20,-2.53,-1.15792
1EY0A,E,Q,122,7,20,-1.52,-1.0192
1EY0A,Q,A,123,7,20,-0.1,-0.96568
1EY0A,Q,F,123,7,20,-0.51,-0.64936
1EY0A,Q,G,123,7,20,-0.44,-0.99488
1EY0A,H,A,124,7,20,0.57,-1.12312
1EY0A,H,F,124,7,20,0.51,-0.63376
1EY0A,H,G,124,7,20,-0.52,-1.19736
1EY0A,H,L,124,5.9,46.9,1.31,-0.63712
1EY0A,H,Q,124,7,20,0.69,-1.18072
1EY0A,L,A,125,7,20,-4.78,-1.00016
1EY0A,L,V,125,7,20,-2.3,-0.4744
1EY0A,R,A,126,7,20,-1.64,-0.7024
1EY0A,R,G,126,7,20,-2.86,-0.89056
1EY0A,K,A,127,7,20,0.24,-0.77592
1EY0A,K,E,127,7,20,0.13,-0.85768
1EY0A,K,F,127,7,20,-0.22,-0.34384
1EY0A,K,G,127,7,20,-0.79,-0.794
1EY0A,K,Q,127,7,20,0.06,-0.82816
1EY0A,S,A,128,7,20,0.83,-0.67288
1EY0A,S,F,128,7,20,-1,-0.01304
1EY0A,S,G,128,7,20,-1.52,-0.89888
1EY0A,E,A,129,7,20,-2.2,-0.55664
1EY0A,E,F,129,7,20,-3.88,-0.35784
1EY0A,E,G,129,7,20,-3.72,-0.8284
1EY0A,A,G,130,7,20,-1,-1.10808
1EY0A,A,V,130,7,20,-1.08,-0.6116
1EY0A,Q,A,131,7,20,-0.1,-0.88224
1EY0A,Q,F,131,7,20,-0.55,-0.84056
1EY0A,Q,G,131,7,20,-2.26,-0.9936
1EY0A,A,G,132,7,20,-3.6,-1.2132
1EY0A,A,V,132,7,20,-4.73,-1.19416
1EY0A,K,A,133,7,20,-1.32,-0.30432
1EY0A,K,F,133,7,20,-1.26,-0.31952
1EY0A,K,G,133,7,20,-3.22,-0.47824
1EY0A,K,Q,133,7,20,-0.44,-0.57536
1EY0A,K,A,134,7,20,0.12,-0.82344
1EY0A,K,C,134,7,20,-0.7,-0.92712
1EY0A,K,F,134,7,20,-0.26,-0.8308
1EY0A,K,G,134,7,20,-0.79,-0.93664
1EY0A,E,A,135,7,20,-0.73,-0.68232
1EY0A,E,F,135,7,20,-1.1,-0.31112
1EY0A,E,G,135,7,20,-1.64,-0.7848
1EY0A,E,K,135,7,20,-1.17,-1.1
1EY0A,E,Q,135,7,20,-0.71,-0.9248
1EY0A,K,A,136,7,20,-0.75,-0.66144
1EY0A,K,F,136,7,20,-0.97,-0.33208
1EY0A,K,G,136,7,20,-0.02,-0.73096
1EY0A,L,A,137,7,20,-2.18,-1.51072
1EY0A,L,G,137,7,20,-4.43,-1.3436
1EY0A,L,I,137,7,20,-0.76,-1.06608
1EY0A,N,A,138,7,20,-0.97,-0.88568
1EY0A,N,G,138,7,20,0.59,-0.95792
1EY0A,I,A,139,7,20,-3.29,-1.73016
1EY0A,I,G,139,7,20,-4.22,-1.83096
1EY0A,I,M,139,7,20,-0.39,-1.20584
1EY0A,I,V,139,7,20,-1.37,-1.23448
1EY0A,S,A,141,7,31.4,-0.27,-0.98832
1EY0A,S,G,141,7,20,-0.82,-1.02304
1FKJA,V,A,2,7.5,25,-2.18,-1.87888
1FKJA,V,A,4,7.5,25,-2.26,-1.74888
1FKJA,I,V,7,7.5,25,-0.9,-1.19672
1FKJA,T,A,21,7.5,25,-1.24,-0.8716
1FKJA,T,S,21,7.5,25,-1.06,-1.2312
1FKJA,T,V,21,7.5,25,0.56,-0.18096
1FKJA,V,A,23,7.5,25,-2.62,-1.71368
1FKJA,V,A,24,7.5,25,-3.04,-1.68616
1FKJA,T,A,27,7.5,25,-1.71,-0.9564
1FKJA,T,S,27,7.5,25,-1.07,-1.1676
1FKJA,T,V,27,7.5,25,0.58,-0.5344
1FKJA,F,A,36,7.5,25,-3.07,-1.21808
1FKJA,L,A,50,7.5,25,-2.22,-2.27248
1FKJA,V,A,55,7.5,25,-1.78,-0.95128
1FKJA,I,A,56,7.5,25,-2.04,-1.39536
1FKJA,I,D,56,7.5,25,-2.88,-1.566
1FKJA,I,T,56,7.5,25,-1.95,-1.47904
1FKJA,R,A,57,7.5,25,-0.55,-0.75416
1FKJA,R,G,57,7.5,25,-1.89,-0.96224
1FKJA,W,F,59,7.5,25,2.72,-0.92056
1FKJA,W,L,59,7.5,25,2.35,-0.88848
1FKJA,E,A,60,7.5,25,-1.71,-0.67832
1FKJA,E,G,60,7.5,25,-2.62,-0.75088
1FKJA,E,A,61,7.5,25,-0.73,-0.81752
1FKJA,E,G,61,7.5,25,-2.2,-0.87256
1FKJA,V,A,63,7.5,25,-2.56,-1.81976
1FKJA,T,A,75,7.5,25,-2.27,-0.89512
1FKJA,T,V,75,7.5,25,-0.7,-0.22576
1FKJA,I,A,76,7.5,25,-3.36,-1.90368
1FKJA,I,V,76,7.5,25,-0.33,-1.1568
1FKJA,I,A,91,7.5,25,-1.33,-1.29368
1FKJA,I,V,91,7.5,25,-0.1,-0.72696
1FKJA,L,A,97,7.5,25,-3.01,-1.80384
1FKJA,V,A,98,7.5,25,-1.99,-1.36496
1FKJA,V,A,101,7.5,25,-2.39,-1.76192
1FKJA,L,A,106,7.5,25,-2.08,-1.85248
1FNAA,L,A,8,5,25,-1.81,-1.38208
1FNAA,V,A,10,5,25,-1.17,-1.25752
1FNAA,A,G,13,5,25,-1.18,-1.05152
1FNAA,L,A,18,5,25,-0.99,-1.69256
1FNAA,I,A,20,5,25,-0.65,-1.90104
1FNAA,I,V,20,5,25,-0.18,-1.28304
1FNAA,W,F,22,5,25,-1.97,-0.8124
1FNAA,V,A,29,5,25,-1.37,-2.01152
1FNAA,Y,A,32,5,25,-4.23,-1.63176
1FNAA,Y,F,32,5,25,-0.54,-0.36336
1FNAA,Y,L,32,5,25,-2.74,-0.35832
1FNAA,I,A,34,5,25,-4.86,-1.56488
1FNAA,Y,A,36,5,25,-1.49,-1.48144
1FNAA,A,G,57,5,25,-2.49,-1.35088
1FNAA,I,A,59,5,25,-3.33,-0.93208
1FNAA,I,V,59,5,25,-0.72,-0.9496
1FNAA,L,A,62,5,25,-2.88,-1.8132
1FNAA,V,A,66,5,25,-0.91,-1.65912
1FNAA,Y,A,68,5,25,-1.88,-1.73832
1FNAA,Y,F,68,5,25,-2.14,-0.16
1FNAA,I,A,70,5,25,-4.11,-2.0408
1FNAA,I,V,70,5,25,-1.28,-1.33776
1FNAA,V,A,72,5,25,-3.17,-1.89536
1FNAA,A,G,74,5,25,-1.56,-1.23448
1FNAA,S,A,85,5,25,0.13,-0.6952
1FNAA,I,A,88,5,25,-0.67,-1.74416
1FNAA,I,V,88,5,25,-0.33,-1.1456
1FNAA,I,A,90,5,25,-0.69,-1.35744
1FNAA,I,V,90,5,25,-0.4,-1.18624
1FNAA,Y,A,92,5,25,-1.11,-1.30856
1FNAA,Y,F,92,5,25,0.13,-0.64128
1FTGA,E,K,20,7,37.8,1.16,-1.02696
1FTGA,I,A,22,7,44.2,-1.7,-1.42
1FTGA,I,V,22,7,25,-1.66,-1.0496
1FTGA,I,V,51,7,34.6,-1.75,-1.10328
1FTGA,I,V,52,7,34.6,-1.19,-1.01776
1FTGA,E,K,61,7,34.6,0.51,-0.97336
1FTGA,I,V,104,7,34.6,-0.57,-1.142
1FTGA,V,A,117,7,34.6,-2.02,-1.67256
1FTGA,T,S,122,7,34.6,0.03,-1.14016
1FTGA,V,A,139,7,34.6,-1.09,-1.81888
1FTGA,L,A,143,7,34.6,-0.17,-1.75504
1FVKA,C,S,30,7.5,25,-1.79,-2.08712
1FVKA,H,L,32,7,30,5.3,-0.50656
1FVKA,H,S,32,7,30,5.2,-1.31488
1FVKA,H,Y,32,7,30,6.8,-0.6216
1FVKA,C,S,33,7.5,25,-1.15,-2.20144
1G4IA,F,A,22,8,30,0.25,-1.86144
1G4IA,H,N,48,8,30,-2.44,-1.4688
1G4IA,F,I,106,8,30,0.95,-1.39384
1G4IA,F,Y,106,8,30,0.07,-1.73336
1G6NA,S,A,128,7.9,20,-0.26,-0.65112
1H7MA,E,A,8,7.4,25,-0.77,-0.82192
1H7MA,R,A,10,7.4,25,-0.77,-0.86392
1H7MA,D,A,14,7.4,25,0.24,-0.73032
1H7MA,K,A,17,7.4,25,-0.91,-0.34888
1H7MA,R,A,23,7.4,25,0.07,-0.80024
1H7MA,K,A,24,7.4,25,0.43,-0.46848
1H7MA,K,A,30,7.4,25,-1.2,-0.4756
1H7MA,R,A,41,7.4,25,-0.07,-0.89232
1H7MA,R,A,44,7.4,25,0.33,-0.91496
1H7MA,D,A,50,7.4,25,0.36,-0.77256
1H7MA,E,A,52,7.4,25,0.57,-0.5644
1H7MA,E,A,64,7.4,25,-1.29,-0.6868
1H7MA,E,A,71,7.4,25,-0.74,-0.76544
1H7MA,R,A,78,7.4,25,0.19,-0.9672
1H7MA,H,A,80,7.4,25,-0.5,-0.9792
1H7MA,E,A,92,7.4,25,-0.41,-0.7212
1H7MA,R,A,94,7.4,25,-0.31,-0.82984
1HFZA,H,A,32,7.4,56.2,-2.13,-0.99104
1HFZA,V,A,42,7.4,56.2,-0.93,-1.60232
1HFZA,V,G,42,7.4,56.2,-1.15,-1.72432
1HFZA,V,N,42,7.4,56.2,-0.24,-1.75496
1HFZA,Q,A,54,7.4,56.2,-0.41,-0.52688
1HFZA,Y,A,103,7.4,56.2,-2.39,-1.30744
1HFZA,W,Y,104,7.4,56.2,-2.44,-1.16128
1HFZA,A,S,106,7.4,56.2,-1.05,-1.27176
1HFZA,H,A,107,7.4,56.2,-0.79,-1.14576
1HFZA,L,H,110,7.4,56.2,1.39,-1.32216
1HFZA,L,R,110,7.4,56.2,0.43,-1.54952
1HFZA,K,N,114,7.4,56.2,2.66,-0.8864
1HFZA,K,Q,114,7.4,56.2,-0.6,-0.86976
1HFZA,Q,A,117,7.4,56.2,-0.96,-0.92984
1HFZA,W,H,118,7.4,56.2,-0.6,-1.53264
1HFZA,W,Y,118,7.4,56.2,-1.17,-1.30944
1HK0X,M,A,43,7,37,-0.7,-1.59952
1HK0X,Q,A,54,7,37,0.5,-0.81768
1HK0X,F,A,56,7,37,-1.2,-2.17648
1HK0X,R,A,79,7,37,-2.3,-0.62016
1HK0X,I,A,81,7,37,-2.6,-2.70096
1HK0X,V,A,132,7,37,-3.8,-1.4184
1HK0X,Q,A,143,7,37,-0.4,-0.77856
1HK0X,L,A,145,7,37,-2.6,-2.21536
1HK0X,M,A,147,7,37,-1.1,-1.89408
1HK0X,V,A,170,7,37,1.3,-2.52896
1HMEA,S,H,33,7,20,-1.85,-0.97832
1HMEA,I,H,34,7,20,-0.95,-1.31368
1HMKA,W,F,26,7.5,25,-2.11,-0.67112
1HMKA,T,I,29,6.4,24.5,3.55,0.52736
1HMKA,A,I,30,6.1,24,1.47,1.12448
1HMKA,A,T,30,6.1,24,0.48,-1.33672
1HMKA,T,I,33,6.1,24,-0.64,0.29952
1HMKA,T,A,38,7,58.8,-1.3,-0.73912
1HMKA,L,A,52,7,25,-3.22,-2.26896
1HMKA,W,F,60,7.5,25,-0.68,-0.93664
1HMKA,D,N,87,7,25,-1.14,-0.90352
1HMKA,V,A,90,7,25,0.9,-1.50536
1HMKA,K,A,93,7,25,-1.72,-0.1948
1HMKA,W,F,104,7.5,25,-1.96,-0.65064
1HMKA,L,A,105,7,25,-0.28,-1.77824
1HMKA,W,F,118,7,25,-0.31,-0.79184
1HMSA,W,E,8,8,37,-3.82,-2.66744
1HMSA,F,Y,16,8,25,-2.56,-1.47856
1HMSA,K,I,21,8,37,0,-0.5412
1HMSA,T,Q,40,8,25,-2.73,-1.2216
1HMSA,T,V,40,8,25,-0.76,0.23288
1HMSA,F,S,64,8,37,-3.82,-1.72008
1HMSA,G,S,67,8,37,-1.22,-1.08616
1HMSA,E,S,72,8,37,-3.67,-1
1HMSA,R,K,126,8,25,-3.26,-1.61888
1HMSA,R,Q,126,8,25,-0.31,-1.01104
1HMSA,Y,F,128,8,25,-2.68,-0.42472
1HTIA,S,D,105,8,25,-0.65,-1.11408
1HTIA,Q,A,179,8,25,0.05,-0.82304
1HTIA,Q,D,179,8,25,0.75,-1.1152
1HTIA,K,A,193,8,25,0.5,-0.3136
1HUUA,A,S,27,7,63.9,-1.19,-1.23048
1HUUA,S,T,31,7,63.9,0.41,-0.86168
1HUUA,V,I,42,7,63.9,-0.82,-0.76512
1HUUA,A,S,56,7,63.9,-0.13,-1.22544
1IFCA,I,C,23,8.1,20,0.51,-1.28136
1IFCA,S,C,53,8.1,20,0.31,-0.7744
1IFCA,L,A,64,7.4,20,-1.68,-2.19408
1IFCA,L,C,72,8.1,20,0.02,-1.45032
1IFCA,W,Y,82,7,25,-0.39,-1.24232
1IFCA,L,C,89,8.1,20,-1.25,-1.30064
1IFCA,A,C,104,8.1,20,1.32,-0.27624
1IGVA,L,V,6,7,25,-1.72,-1.18
1IGVA,F,A,10,7,25,-4.12,-1.90088
1IGVA,E,Q,17,7.1,25,0.33,-0.85224
1IGVA,D,N,19,7,25,0.83,-0.97856
1IGVA,L,A,23,7,25,-3.24,-3.78728
1IGVA,L,G,23,7,25,-3.95,-4.30504
1IGVA,E,Q,26,7,25,-0.03,-0.90856
1IGVA,L,A,28,7,25,-2.2,-1.54608
1IGVA,V,A,61,7,25,-2.93,-1.87408
1IGVA,V,G,61,7,25,-3.6,-2.19856
1IGVA,F,A,66,7,25,-4.2,-1.80264
1IGVA,I,V,73,7,25,-1.34,-1.11256
1IHBA,F,N,71,7.5,25,0.46,-1.6716
1IHBA,F,N,92,7.5,25,-0.71,-1.21352
1IMQA,A,G,25,6,10,-0.14,-1.04016
1IMQA,V,L,34,6,10,0.33,-0.87456
1IMQA,V,L,37,6,10,-0.26,-1.35552
1IMQA,V,I,68,6,10,-0.81,-0.728
1IMQA,V,I,71,6,10,0.07,-0.79144
1IO2A,D,N,7,9,50,0.46,-0.73888
1IO2A,E,A,8,9,50,1.77,-0.11128
1IO2A,E,Q,8,9,50,-1.25,-0.70112
1IO2A,D,A,105,9,50,1.72,-0.36784
1IO2A,D,A,135,9,50,1.82,-0.59488
1K9QA,A,R,20,7,56.7,0.89,-1.19152
1K9QA,D,T,34,7,56.7,0.37,-0.86912
1KCQA,D,N,30,7.2,25,-1.05,-1.00168
1KCQA,D,Y,30,7.2,15,-2.03,0.3072
1KDXA,Y,F,640,6,25,0,-0.08584
1KE4A,Y,F,150,6.8,38.9,-2.05,-0.79024
1LNIA,V,T,2,7,48.4,-0.9,-1.76936
1LNIA,T,V,5,7,48.4,0,-0.89528
1LNIA,D,K,17,7,25,-1.1,-1.04064
1LNIA,T,V,18,7,48.4,-1.4,-0.27552
1LNIA,D,K,25,7,36.1,0.9,-1.04496
1LNIA,V,T,36,7,48.4,-1.3,-1.39784
1LNIA,Q,A,38,6.3,51.9,0.74,-0.75736
1LNIA,N,A,39,7,48.4,-2.2,-0.70808
1LNIA,N,D,39,7,48.4,-1.5,-1.10384
1LNIA,N,S,39,7,48.4,-2.3,-0.98504
1LNIA,Y,F,49,7,25,-0.2,-0.8436
1LNIA,Y,F,51,7,25,-2.3,-0.45744
1LNIA,Y,F,52,7,25,-3.6,-0.85472
1LNIA,E,Q,54,6.3,51.9,-1.96,-0.80104
1LNIA,V,T,57,7,48.4,-4.4,-2.37416
1LNIA,T,V,59,7,48.4,-1.7,-0.35392
1LNIA,R,A,65,6.3,51.9,-1.13,-0.79656
1LNIA,T,V,67,7,48.4,0,-0.12184
1LNIA,T,V,72,7,48.4,-0.2,0.02976
1LNIA,E,K,74,6.7,43.5,0.84,-0.98496
1LNIA,D,A,79,6.8,49.1,2.48,-0.2344
1LNIA,D,E,79,7,52.6,-0.4,-1.04272
1LNIA,D,H,79,7,52.6,1.7,-0.25864
1LNIA,D,R,79,7,52.6,2.7,-0.59768
1LNIA,D,W,79,7,52.6,2.25,0.68432
1LNIA,Y,F,81,7,25,-1.2,-0.48272
1LNIA,T,V,82,7,48.4,-1.7,-0.11536
1LNIA,Y,F,86,7,25,-0.3,-0.49776
1LUCA,A,H,81,7,25,-2.7,-1.00352
1LUCB,H,A,81,7,25,-2.1,-0.97256
1LUCB,H,A,82,7,25,-2.7,-0.97696
1LVEA,M,L,4,7.5,25,1.04,-0.44144
1LVEA,K,R,30,7.5,25,-0.55,-0.89496
1LVEA,K,T,30,7.5,25,-1.33,-0.84456
1LVEA,Q,N,38,7.5,25,-1.6,-1.05568
1LVEA,K,T,39,7.5,25,-2.29,-0.76664
1LVEA,Q,H,89,7.5,25,-0.9,-0.38896
1LVEA,Q,N,89,7.5,25,-1.26,-1.166
1LVEA,T,H,94,7.5,25,0.73,-0.96088
1LVEA,Y,Q,96,7.5,25,-2.09,-1.74376
1LVEA,S,T,97,7.5,25,0.13,-0.7788
1LVEA,I,L,106,7.5,25,-0.51,-0.95352
1LZ1A,K,A,1,2.7,64.9,-0.6,-0.55736
1LZ1A,K,M,1,2.7,64.9,-0.12,0.28128
1LZ1A,V,A,2,2.7,64.9,-1.51,-1.48704
1LZ1A,V,D,2,2.7,64.9,-1.44,-1.7476
1LZ1A,V,F,2,2.7,64.9,-0.86,-0.62232
1LZ1A,V,G,2,2.7,64.9,-2.3,-1.61976
1LZ1A,V,I,2,2.7,64.9,1.1,-0.75496
1LZ1A,V,L,2,2.7,64.9,-0.05,-0.60408
1LZ1A,V,M,2,2.7,64.9,-0.31,-0.97256
1LZ1A,V,N,2,2.7,64.9,-1.34,-1.73808
1LZ1A,V,R,2,2.7,64.9,-0.38,-1.64136
1LZ1A,V,S,2,2.7,64.9,-1.41,-1.71584
1LZ1A,V,Y,2,2.7,64.9,-0.36,-1.06456
1LZ1A,E,Q,7,3.5,65,-0.94,-0.964
1LZ1A,L,T,8,2.7,64.9,-3.73,-1.15528
1LZ1A,A,S,9,2.7,64.9,-0.02,-1.28744
1LZ1A,G,A,16,2.7,64.9,-1.39,-0.9592
1LZ1A,Y,F,20,2.7,64.9,-0.5,-0.84848
1LZ1A,R,A,21,2.7,64.9,1.32,-0.8348
1LZ1A,R,G,21,2.7,64.9,1.15,-0.9096
1LZ1A,I,A,23,2.7,64.9,-2.54,-1.08088
1LZ1A,I,V,23,2.7,64.9,-0.36,-1.02472
1LZ1A,A,L,32,2.7,64.9,-0.1,0.58512
1LZ1A,A,S,32,2.7,64.9,-0.33,-1.278
1LZ1A,E,L,35,2.7,64.9,-0.53,1.64344
1LZ1A,G,A,37,2.7,64.9,-0.29,-0.7216
1LZ1A,G,Q,37,3,52.3,-0.4,-1.13864
1LZ1A,Y,A,38,2.7,64.9,-2.49,-1.95552
1LZ1A,Y,F,38,2.7,64.9,-0.19,-0.68072
1LZ1A,Y,G,38,2.7,64.9,-2.32,-2.17848
1LZ1A,Y,F,45,2.7,64.9,0.07,-0.57632
1LZ1A,D,N,49,3.4,65,-0.65,-1.03648
1LZ1A,R,A,50,2.7,64.9,0.43,-0.73576
1LZ1A,R,G,50,3,52.3,0.32,-0.87632
1LZ1A,Y,F,54,2.7,64.9,-0.96,-0.20392
1LZ1A,I,A,56,2.7,64.9,-3.71,-2.88112
1LZ1A,I,F,56,2.7,64.9,-4.09,-0.70224
1LZ1A,I,L,56,2.7,64.9,-0.1,-0.68536
1LZ1A,I,M,56,2.7,64.9,-1.77,-1.56616
1LZ1A,I,T,56,3,52.3,-4.31,-3.16184
1LZ1A,I,V,56,2.7,64.9,-1.2,-1.5956
1LZ1A,Q,A,58,2.7,64.9,0.91,-0.56656
1LZ1A,Q,G,58,3,52.3,1.91,-0.80576
1LZ1A,I,A,59,2.7,64.9,-1.72,-2.36192
1LZ1A,I,F,59,2.7,64.9,-0.81,-0.80064
1LZ1A,I,G,59,2.7,64.9,-3.83,-2.6688
1LZ1A,I,L,59,2.7,64.9,0,-0.76408
1LZ1A,I,M,59,2.7,64.9,-1.29,-1.43128
1LZ1A,I,S,59,2.7,64.9,-3.59,-2.91792
1LZ1A,I,T,59,2.7,64.9,-2.22,-2.69792
1LZ1A,I,V,59,2.7,64.9,-1.1,-1.51576
1LZ1A,I,Y,59,2.7,64.9,-3.78,-1.93232
1LZ1A,Y,F,63,2.7,64.9,-0.24,-0.81592
1LZ1A,D,H,67,4,10,-3.73,-0.63824
1LZ1A,D,N,67,3.5,65,-1.39,-1.02976
1LZ1A,G,A,68,2.7,64.9,-0.12,-0.9796
1LZ1A,G,A,72,2.7,64.9,-0.36,-0.97376
1LZ1A,V,A,74,2.7,64.9,-0.36,-1.19032
1LZ1A,V,D,74,2.7,64.9,-0.43,-1.22616
1LZ1A,V,F,74,2.7,64.9,-0.29,-0.80664
1LZ1A,V,G,74,2.7,64.9,-0.22,-1.24056
1LZ1A,V,I,74,2.7,64.9,0.45,-0.89272
1LZ1A,V,L,74,2.7,64.9,0.19,-0.8328
1LZ1A,V,M,74,2.7,64.9,0.65,-0.97896
1LZ1A,V,N,74,2.7,64.9,-0.33,-1.28208
1LZ1A,V,R,74,2.7,64.9,-0.07,-1.25672
1LZ1A,V,S,74,2.7,64.9,-0.38,-1.27512
1LZ1A,V,Y,74,2.7,64.9,-0.24,-0.96696
1LZ1A,C,A,77,3,57,-4.6,-1.28192
1LZ1A,H,A,78,2.7,64.9,-0.14,-0.9948
1LZ1A,H,G,78,3,52.3,-0.21,-1.08768
1LZ1A,I,A,89,2.7,64.9,-2.7,-2.76456
1LZ1A,I,V,89,2.7,64.9,-0.48,-1.52472
1LZ1A,A,S,92,2.7,64.9,0.81,-1.81648
1LZ1A,V,A,93,2.7,64.9,-0.74,-2.21928
1LZ1A,V,T,93,2.7,64.9,-0.67,-2.48968
1LZ1A,A,M,96,2.7,64.9,0.02,-0.18136
1LZ1A,A,S,96,2.7,64.9,-1,-1.6008
1LZ1A,V,A,99,2.7,64.9,-0.98,-1.76296
1LZ1A,V,T,99,2.7,64.9,-0.5,-2.05624
1LZ1A,V,A,100,2.7,64.9,-0.26,-2.02352
1LZ1A,V,F,100,2.7,64.9,-1.65,-0.36272
1LZ1A,V,T,100,2.7,64.9,-0.29,-2.20056
1LZ1A,D,N,102,3.5,65,-0.15,-1.01112
1LZ1A,I,A,106,2.7,64.9,-0.93,-1.83008
1LZ1A,I,V,106,2.7,64.9,-0.72,-1.28472
1LZ1A,V,A,110,2.7,64.9,0.53,-1.18816
1LZ1A,V,D,110,2.7,64.9,0.17,-1.1644
1LZ1A,V,F,110,2.7,64.9,-0.05,-0.86488
1LZ1A,V,G,110,2.7,64.9,0.48,-1.20504
1LZ1A,V,I,110,2.7,64.9,0.86,-0.93288
1LZ1A,V,L,110,2.7,64.9,0.07,-0.86136
1LZ1A,V,M,110,2.7,64.9,0.53,-0.9968
1LZ1A,V,N,110,2.7,64.9,0.07,-1.21632
1LZ1A,V,R,110,2.7,64.9,0.89,-1.22672
1LZ1A,V,Y,110,2.7,64.9,-0.14,-1.00864
1LZ1A,N,A,118,2.7,64.9,0.19,-0.99488
1LZ1A,N,G,118,2.7,64.9,0.05,-1.00368
1LZ1A,V,A,121,2.7,64.9,-1.44,-1.46944
1LZ1A,Y,F,124,2.7,64.9,-0.36,-0.18992
1LZ1A,V,A,125,2.7,64.9,-1.32,-1.59264
1LZ1A,G,A,127,2.7,64.9,-0.55,-0.97792
1LZ1A,G,A,129,2.7,64.9,0.14,-0.93048
1LZ1A,V,A,130,2.7,64.9,-0.84,-1.4476
1MBGA,V,A,103,7.5,25,-2.32,-1.92104
1MBGA,V,I,103,7.5,25,0.69,-0.74128
1MBGA,V,L,103,7.4,21.4,2.08,-0.4528
1MGRA,Y,F,11,7,25,-0.6,-0.8012
1MGRA,Y,F,33,7,25,0.5,-0.7856
1MGRA,Y,F,55,7,25,-2.1,-0.3056
1MGRA,Y,F,58,7,25,-0.7,-0.47976
1MGRA,Y,F,83,7,25,-1.5,-0.39688
1MGRA,Y,F,89,7,25,0,-0.75208
1MJCA,F,L,18,7,25,-1,-1.02536
1MJCA,F,S,18,7,25,-1.54,-1.30384
1MJCA,F,L,31,7,25,-0.66,-0.992
1MJCA,Y,W,42,7,25,0.15,-0.90512
1MJCA,T,W,68,7,25,0.7,-0.69472
1MSIA,R,A,23,7,25,-0.89,-0.55264
1MSIA,D,A,36,7,25,0.3,-0.77864
1MSIA,R,A,39,7,25,-0.8,-0.99448
1N0JA,Y,F,34,7.8,88.9,4.75,-0.44456
1N0JA,Q,N,143,7.8,88.9,1.04,-1.03512
1OH0A,Y,F,32,7,25,0.2,0.1264
1OH0A,Y,F,57,7,25,-1.22,-0.30168
1OH0A,Y,S,57,7,25,-4.53,-1.972
1OH0A,V,L,101,7,25,-1.72,-1.13864
1OIAA,Y,F,13,7,22,-0.7,-0.46616
1OIAA,Y,T,13,7,22,-1.3,-2.04136
1OIAA,Y,F,31,7,22,0,-0.89576
1OIAA,Y,S,31,7,22,-2.3,-1.77
1OIAA,Y,F,86,7,22,-2.6,-0.61144
1ONCA,M,L,23,7,0.4,-2.76,-0.51392
1ONCA,F,A,28,5.5,20,-5,-1.64992
1ONCA,F,Y,36,5.5,20,-4.67,-1.5644
1OTRB,I,F,30,3,50,-3.32,-0.68424
1OTRB,I,L,30,3,50,-1.96,-0.66784
1OTRB,I,V,30,3,50,-1.58,-1.26016
1OTRB,E,D,34,5,25,-1,-1.01688
1OTRB,E,L,34,5,25,0.96,-0.48672
1OTRB,E,S,34,5,25,-0.6,-0.97632
1OTRB,I,F,36,3,50,-0.86,-0.74072
1OTRB,I,L,36,3,50,-1.32,-0.74192
1OTRB,I,V,36,3,50,-0.79,-1.45208
1P2PA,H,N,48,7,20,-1.69,-1.48664
1P2PA,H,Q,48,7,20,-0.64,-1.40056
1PDOA,W,F,12,7.4,22,1.79,-0.7812
1PDOA,W,F,33,7.4,22,-1.08,-0.44872
1PDOA,W,F,69,7.4,22,-2.15,-0.96312
1PGAA,I,L,6,5.4,25,-1.39,-0.87312
1PGAA,I,N,6,5.2,44,-1.73,-1.80896
1PGAA,I,T,6,5.2,44,-1.79,-1.71632
1PGAA,D,G,22,5.5,25,-1.52,-0.88288
1PGAA,T,A,53,5.2,20,-0.51,-0.946
1PGAA,T,D,53,5.2,20,-1.15,-1.1904
1PGAA,T,E,53,5.2,20,-0.4,-1.2048
1PGAA,T,F,53,5.2,37.1,0.55,-0.27432
1PGAA,T,I,53,5.2,37.1,-0.1,-0.25992
1PGAA,T,R,53,5.2,20,-0.28,-0.90264
1PGAA,T,V,53,5.2,44,-0.58,-0.50352
1PGAA,T,Y,53,5.2,44,0.52,-0.5644
1POHA,S,A,31,7,30,-0.4,-0.77184
1POHA,S,A,46,7,30,-1.01,-0.85504
1POHA,S,D,46,7,30,1.44,-1.02928
1POHA,S,N,46,7,30,0.39,-1.028
1POHA,K,A,49,7,25,1.39,-0.63056
1POHA,K,D,49,7,25,1.41,-0.85184
1POHA,K,E,49,7,36.2,1.85,-0.90592
1POHA,K,G,49,7,25,1.05,-0.72512
1POHA,K,M,49,7,25,0.94,-0.49056
1POHA,K,N,49,7,25,0.35,-0.83752
1POHA,K,Q,49,7,25,1.39,-0.84392
1POHA,K,R,49,7,25,-0.15,-0.83264
1POHA,K,S,49,7,25,0.95,-0.79624
1QGVA,G,D,119,7.8,20,-0.93,-1.11376
1QLPA,A,I,31,6.5,25,0.9,-0.37376
1QLPA,A,V,31,6.5,25,0.6,-0.556
1QLPA,F,C,51,6.5,23,3.01,-2.08184
1QLPA,F,L,51,6.5,25,2.1,-0.77976
1QLPA,V,L,55,6.5,25,-0.3,-0.90792
1QLPA,T,A,59,6.5,25,1,-0.6444
1QLPA,T,A,68,6.5,25,1,-0.62928
1QLPA,V,I,145,6.5,25,0.2,-0.72216
1QLPA,V,L,145,6.5,25,-0.7,-0.57096
1QLPA,Y,A,160,7.8,25,-0.21,-1.04408
1QLPA,V,I,173,6.5,25,0.5,-0.9452
1QLPA,V,L,173,6.5,25,-0.6,-0.89928
1QLPA,A,F,183,6.5,25,1.5,0.14072
1QLPA,A,L,183,6.5,25,1.4,0.18104
1QLPA,W,F,194,7.8,25,-0.47,-0.57472
1QLPA,V,L,321,6.5,25,-1.2,-0.94072
1QLPA,K,I,331,7.8,25,0.84,0.60704
1QLPA,K,T,331,7.8,25,-0.54,-0.154
1QLPA,K,V,331,7.8,25,0.89,0.48808
1QLPA,V,I,364,6.5,25,0.4,-0.96976
1QLPA,K,R,387,6.5,25,1,-0.45136
1QM4A,R,H,265,8,25,-3.11,-0.94392
1QNDA,C,S,71,6.8,20,-1.38,-1.8828
1RG8A,H,Y,21,7.3,34.5,0.79,-0.46768
1RG8A,G,A,62,6.6,24.9,-1.48,-0.958
1RG8A,G,N,62,6.6,24.9,-0.97,-1.04064
1RG8A,L,V,73,6.6,40,-1.46,-1.53008
1RG8A,C,S,83,6.6,29.6,-1.78,-1.24264
1RG8A,H,A,93,6.6,24.9,-0.6,-0.9732
1RG8A,H,G,93,6.6,28.6,1.34,-1.09704
1RG8A,H,N,93,6.6,24.9,0.19,-1.1884
1RG8A,H,Y,102,7.3,34.5,0.39,-0.81096
1RG8A,A,G,103,6.6,24.9,-0.46,-1.18672
1RG8A,F,Y,108,7.3,34.5,0.49,-2.65536
1RG8A,V,L,109,6.6,40,-0.57,-0.22576
1RG8A,C,S,117,6.6,29.6,-0.64,-2.09784
1RHGA,G,A,26,7,25,1.93,-0.81064
1RHGA,G,A,28,7,25,2.35,-0.5564
1RHGA,E,A,33,5.9,25,0.31,-0.54336
1RHGA,E,A,46,5.9,25,-0.32,-0.7864
1RHGA,L,E,50,5.9,25,-0.19,-1.67888
1RHGA,G,A,73,7,25,0.89,-0.76056
1RHGA,G,A,81,7,25,-0.76,-0.81816
1RHGA,G,A,87,7,25,-0.97,-0.96768
1RHGA,G,A,149,7,25,1.38,-0.98976
1RHGA,G,A,150,7,25,1.94,-0.68744
1RISA,V,A,6,8,25,-2.93,-2.41544
1RISA,E,Q,22,8,25,-1.12,-0.92152
1RISA,I,A,26,8,25,-2.84,-1.20904
1RISA,A,G,35,8,25,-0.77,-1.28048
1RISA,V,A,37,8,25,-2.55,-1.75456
1RISA,I,A,52,8,25,-0.36,-1.3892
1RISA,V,A,65,8,25,-2.89,-2.3396
1RISA,V,A,85,8,25,-3.02,-1.43248
1RISA,V,A,88,8,25,-1.68,-1.66568
1RN1C,V,A,16,7,25,-2.34,-1.7068
1RN1C,V,C,16,7,25,-4.99,-1.2368
1RN1C,V,S,16,7,25,-4.68,-2.16456
1RN1C,A,G,21,7.4,25,-1.1,-1.1448
1RN1C,Y,W,24,6,25,1.24,-0.73008
1RN1C,Q,K,25,7,36.8,0.88,-1.02296
1RN1C,H,T,40,6,25,-0.26,-1.27488
1RN1C,Y,W,42,6,25,-0.14,-0.78032
1RN1C,N,A,44,7,37.9,-1.88,-0.85152
1RN1C,N,D,44,6.3,35.8,-1.58,-1.04288
1RN1C,N,S,44,7,37.9,-1.77,-0.98128
1RN1C,Y,W,45,6,25,0.74,-0.94696
1RN1C,E,A,58,7,31.5,-0.42,-0.4552
1RN1C,W,Y,59,6,25,-0.93,-1.54576
1RN1C,D,A,76,7,15,-3.76,-0.05048
1RN1C,D,N,76,7,17.2,-3.39,-0.87688
1RN1C,D,S,76,7,15,-3.17,-0.73872
1RN1C,V,A,78,7,25,-4.08,-2.01136
1RN1C,V,C,78,7,25,-3.67,-1.29384
1RN1C,V,C,89,7,25,-3.54,-1.17256
1RN1C,V,S,89,7,25,-4.87,-2.1384
1RN1C,V,T,89,7,25,-3.07,-1.96416
1RN1C,H,A,92,6,25,-0.62,-1.08992
1ROPA,D,A,30,7,69,0.3,-0.75688
1ROPA,D,C,30,7,69,0.8,-0.38168
1ROPA,D,E,30,7,69,1,-1.03264
1ROPA,D,F,30,7,69,-0.1,-0.44952
1ROPA,D,G,30,7,69,2,-0.89368
1ROPA,D,H,30,7,69,0.9,-0.73032
1ROPA,D,I,30,7,69,-0.8,-0.55072
1ROPA,D,K,30,7,69,0.9,-1.1816
1ROPA,D,L,30,7,69,-0.1,-0.45256
1ROPA,D,M,30,7,69,0.6,-0.19712
1ROPA,D,N,30,7,69,0.8,-0.95232
1ROPA,D,Q,30,7,69,1.8,-0.94744
1ROPA,D,R,30,7,69,0.8,-0.92768
1ROPA,D,S,30,7,69,1,-0.96704
1ROPA,D,T,30,7,69,-0.4,-0.81952
1ROPA,D,V,30,7,69,-0.4,-0.21568
1ROPA,D,W,30,7,69,-0.4,-0.19048
1ROPA,D,Y,30,7,69,0.2,-0.30656
1ROPA,L,A,41,6,25,-3.06,-1.62792
1ROPA,L,V,41,6,25,-1.26,-1.17608
1RTBA,A,S,4,7.1,62,-0.45,-1.1352
1RTBA,F,L,46,6,24.9,-3.21,-1.2868
1RTBA,V,A,47,5,40,-3.8,-2.10104
1RTBA,V,A,54,5,40,-2.58,-2.35136
1RTBA,V,G,54,5,40,-4.87,-2.68224
1RTBA,V,I,54,5,40,-1.95,-0.9344
1RTBA,V,L,54,5,40,-1.09,-1.146
1RTBA,V,I,57,5,40,-1.3,-0.02064
1RTBA,V,G,63,5,40,-3.5,-1.82088
1RTBA,A,G,64,5,40,-0.44,-1.128
1RTBA,I,A,81,5,40,-2.99,-2.81336
1RTBA,I,G,81,5,40,-4.81,-3.21024
1RTBA,I,V,81,5,40,-0.43,-1.33008
1RTBA,Y,F,97,5,63.3,-3.54,0.05248
1RTBA,I,A,106,5,40,-4.38,-1.58688
1RTBA,I,L,106,5,40,-1.79,-0.7336
1RTBA,I,V,106,5,40,-0.8,-0.56576
1RTBA,I,A,107,5,40,-2.85,-1.4632
1RTBA,I,L,107,5,40,-2.2,-0.76992
1RTBA,I,V,107,5,40,-0.08,-0.72776
1RTBA,V,A,108,5,40,-4.2,-1.19952
1RTBA,V,I,108,5,40,-0.44,-0.68888
1RTBA,V,L,108,5,40,-0.7,-0.46768
1RTBA,A,G,109,5,40,-0.43,-1.12488
1RTBA,V,A,116,5,40,-0.67,-1.46744
1RTBA,V,G,116,5,40,-1.18,-1.652
1RTBA,V,A,118,5,40,-1.92,-1.51632
1RTBA,V,G,118,5,40,-2.78,-1.68608
1RTBA,H,A,119,5.2,25,0.35,-1.01344
1RTBA,D,A,121,5.2,25,-1.95,-0.87072
1RTBA,D,N,121,5.2,25,-1.71,-1.01128
1RTBA,S,A,123,7.1,62,0.69,-0.87808
1SAKA,E,A,326,7,25,-0.4,-0.90608
1SAKA,I,V,332,7,25,-0.99,-1.1688
1SAKA,R,A,333,7,25,-1.05,-0.96512
1SAKA,R,A,335,7,25,-0.75,-0.83032
1SAKA,E,A,336,7,25,0.4,-0.73352
1SAKA,R,A,337,7,25,-2.41,-0.76088
1SAKA,F,A,338,7,25,-2.03,-1.79056
1SAKA,E,A,339,7,25,-0.66,-0.91904
1SAKA,M,A,340,7,25,-1.9,-1.6836
1SAKA,M,I,340,7,25,-0.38,-0.7796
1SAKA,F,I,341,7,25,-2.01,-1.13504
1SAKA,F,L,341,7,25,-0.91,-0.95448
1SAKA,R,A,342,7,25,-0.38,-0.84192
1SAKA,E,A,343,7,25,-0.25,-0.41816
1SAKA,L,F,344,7,25,-1.62,-1.02368
1SAKA,L,I,344,7,25,-0.41,-1.18024
1SAKA,N,A,345,7,25,-0.98,-0.59064
1SAKA,E,A,346,7,25,-0.27,-0.59072
1SAKA,A,G,347,7,25,-0.97,-1.1252
1SAKA,E,A,349,7,25,-1.18,-0.646
1SAKA,L,A,350,7,25,-0.5,-1.7636
1SAKA,K,A,351,7,25,0.57,-0.67144
1SAKA,D,A,352,7,25,-0.62,-0.66888
1SHFA,E,A,107,8,25,-1.27,-0.29936
1SHFA,E,D,107,8,25,0.68,-1.01912
1SHFA,E,G,107,8,25,-2.29,-0.62232
1SHFA,E,I,107,8,25,-2.71,-0.36952
1SHFA,E,Q,107,8,25,-0.74,-0.75176
1SHFA,E,R,107,8,25,-3.38,-0.69928
1SHFA,E,S,107,8,25,-1.64,-0.74064
1SHFA,E,T,107,8,25,-0.6,-0.53656
1SHFA,E,V,107,8,25,-2,-0.52208
1SHFA,I,V,111,7,25,-0.63,-1.27392
1SHFA,S,A,124,8,25,-0.71,-0.62376
1SHFA,S,I,124,8,25,-1.41,0.43104
1SHFA,S,K,124,8,25,0.11,-1.33672
1SHFA,S,R,124,8,25,-0.18,-0.89872
1SHFA,S,T,124,8,25,-1.65,-0.77088
1SHFA,S,V,124,8,25,-1.1,0.03888
1SHFA,S,Y,124,8,25,-2.27,-0.17584
1SHFA,V,A,138,7,25,-2.34,-1.63656
1SHFA,V,G,138,7,25,-3.65,-1.92008
1SHFA,V,T,138,7,25,-2.4,-1.85344
1SHGA,F,Y,52,7,24.9,0.44,-1.40984
1SHGA,K,F,59,7,24.9,-0.92,-0.32064
1SHGA,K,Y,59,7,24.9,-0.84,0.12648
1SSOA,I,V,29,7,50,-0.4,-1.32784
1SUPA,M,F,50,8,58.8,0.48,-0.68992
1SUPA,N,D,76,8,58.8,0.45,-1.02984
1SUPA,G,A,169,8,58.8,0.3,-0.42272
1SUPA,Q,C,206,8,58.8,1.25,-0.13856
1SUPA,Y,K,217,8,58.8,0.72,-1.32832
1SUPA,N,S,218,8,58.8,1.07,-0.99672
1TENA,I,A,8,5,25,-2.74,-1.56832
1TENA,I,V,8,5,25,0.02,-1.16528
1TENA,V,A,10,5,25,-1.4,-1.1944
1TENA,A,G,18,5,25,-2.67,-1.20544
1TENA,I,A,20,5,25,-3.58,-1.60384
1TENA,I,V,20,5,25,-0.28,-1.08056
1TENA,I,A,29,5,25,-1.63,-1.80464
1TENA,I,V,29,5,25,-0.37,-1.32584
1TENA,I,A,32,5,25,-3.3,-2.3668
1TENA,I,V,32,5,25,-0.8,-1.4748
1TENA,L,A,34,5,25,-4.13,-2.098
1TENA,Y,A,36,5,25,-3.96,-1.60864
1TENA,I,A,48,5,25,-2.4,-1.184
1TENA,L,A,50,5,25,-2.88,-1.21792
1TENA,Y,A,57,5,25,-1.21,-1.32128
1TENA,Y,G,57,5,25,-4.06,-1.59856
1TENA,I,A,59,5,25,-1.91,-1.35552
1TENA,I,V,59,5,25,-0.88,-0.91792
1TENA,L,A,62,5,25,-3.96,-2.26976
1TENA,T,S,66,5,25,-1.26,-1.15672
1TENA,Y,F,68,5,25,-3.09,-0.72984
1TENA,V,A,70,5,25,-2.69,-1.96536
1TENA,L,A,72,5,25,-2.81,-2.94288
1TENA,S,A,74,5,25,-0.27,-0.41112
1TENA,S,A,81,5,25,-2.58,-0.6508
1TENA,A,G,84,5,25,-0.92,-1.28928
1TENA,E,A,86,5,25,1.55,-0.55488
1TENA,E,G,86,5,25,-0.14,-0.79272
1TITA,V,A,13,7.4,25,-2.15,-1.22056
1TITA,I,A,23,7.4,25,-2.7,-2.10232
1TITA,L,A,41,7.4,25,-2.7,-1.12488
1TITA,L,A,58,7.4,25,-3.23,-1.63328
1TITA,F,L,73,7.4,25,-3.83,-0.99448
1TPKA,V,A,65,4.5,64.3,-2,-1.698
1TPKA,V,I,65,4.5,64.3,0.3,-0.6284
1TPKA,V,L,65,4.5,64.3,-1.9,-0.73136
1TPKA,V,M,65,4.5,64.3,-2.2,-0.96408
1TPKA,V,S,65,4.5,64.3,-2.4,-2.01016
1TPKA,V,T,65,4.5,64.3,-1,-1.83952
1TTQA,A,G,18,7.8,25,-2.7,-1.35528
1TTQA,A,V,18,7.8,25,-2.3,-0.09504
1TTQA,F,I,22,7.8,25,-4.58,-1.17536
1TTQA,L,V,209,7.8,25,-3.2,-1.15112
1TTQA,I,V,232,7.8,25,-3.3,-1.17632
1TYVA,G,R,177,7.4,88.4,-0.7,-1.0524
1TYVA,T,I,235,7.4,88.4,-0.53,0.06128
1TYVA,R,K,285,7.4,88.4,-3.43,-1.18008
1TYVA,E,V,309,7.4,88.4,-0.77,-0.60608
1TYVA,G,D,323,7.4,88.4,-0.13,-1.326
1UBQA,K,E,6,5,25,0.53,-0.86504
1UBQA,K,Q,6,5,25,0.26,-0.76816
1UBQA,E,D,18,3,25,-0.08,-1.01864
1UBQA,K,Q,27,5,25,-1.91,-0.68488
1UBQA,K,N,29,5,25,-1.48,-0.86736
1UBQA,K,Q,29,5,25,-1.67,-0.864
1UBQA,R,E,42,5,25,1.63,-1.38792
1UBQA,F,W,45,5,25,0.46,-0.91984
1UBQA,H,E,68,5,25,0.77,-1.25168
1UBQA,H,Q,68,5,25,0.55,-1.21032
1UBQA,R,Q,72,5,25,-0.33,-1.09712
1UZCA,W,F,11,5.7,9.9,-0.31,-0.76432
1UZCA,T,A,13,5.7,9.9,-0.99,-0.97816
1UZCA,T,S,13,5.7,9.9,0.1,-1.05528
1UZCA,E,A,15,5.7,9.9,-0.4,-0.87792
1UZCA,E,G,15,5.7,9.9,-1.02,-0.92776
1UZCA,A,G,17,5.7,9.9,-0.7,-1.30936
1UZCA,Q,A,19,5.7,9.9,-0.08,-0.7484
1UZCA,Q,G,19,5.7,9.9,-1.23,-1.00296
1UZCA,A,G,20,5.7,9.9,-2.3,-1.33664
1UZCA,L,A,24,5.7,9.9,-1.04,-2.0524
1UZCA,K,A,26,5.7,9.9,0.11,-0.66448
1UZCA,K,G,26,5.7,9.9,-0.74,-0.77432
1UZCA,E,G,27,5.7,9.9,-1.57,-0.9544
1UZCA,V,A,30,5.7,9.9,-3.28,-1.87568
1UZCA,S,A,32,5.7,9.9,0,-0.79784
1UZCA,N,G,33,5.7,9.9,-0.42,-1.0148
1UZCA,S,A,35,5.7,9.9,-1.04,-0.84512
1UZCA,W,F,36,5.7,9.9,0.3,-0.82968
1UZCA,Q,A,38,5.7,9.9,-0.37,-0.74864
1UZCA,A,G,39,5.7,9.9,-1.93,-1.35968
1UZCA,M,A,42,5.7,9.9,-1.37,-1.66272
1UZCA,I,V,43,5.7,9.9,-1.21,-1.44928
1UZCA,I,A,44,5.7,9.9,-0.09,-1.6564
1UZCA,I,G,44,5.7,9.9,-0.4,-1.7968
1UZCA,D,N,46,5.7,9.9,-2.51,-0.98464
1UZCA,Y,A,49,5.7,9.9,-2.46,-1.6924
1UZCA,Y,F,49,5.7,9.9,-0.31,-0.11072
1UZCA,S,A,50,5.7,9.9,-0.02,-0.56192
1UZCA,S,G,50,5.7,9.9,-0.02,-0.82312
1UZCA,A,G,51,5.7,9.9,-1.12,-1.29992
1UZCA,L,A,52,5.7,9.9,-2.71,-2.56984
1UZCA,A,G,53,5.7,9.9,-0.3,-1.12032
1UZCA,S,A,56,5.7,9.9,-0.4,-0.92056
1UZCA,S,G,56,5.7,9.9,-0.54,-0.9724
1UZCA,K,A,58,5.7,9.9,-2.1,0.09736
1UZCA,Q,A,60,5.7,9.9,0.31,-0.87432
1UZCA,Q,G,60,5.7,9.9,-0.8,-0.97168
1UZCA,A,G,64,5.7,9.9,-0.94,-1.03392
1UZCA,Y,F,65,5.7,9.9,-0.72,-1.01632
1UZCA,V,A,67,5.7,9.9,0.51,-1.0856
1UZCA,V,G,67,5.7,9.9,0,-1.09968
1VQBA,I,V,6,7,25,-0.35,-1.26712
1VQBA,F,T,13,7,25,-0.35,-1.52656
1VQBA,V,C,19,7,25,-0.15,-1.15368
1VQBA,V,T,19,7,25,-0.3,-1.616
1VQBA,K,V,24,7,25,0.4,-0.25144
1VQBA,Y,R,26,7,25,-0.2,-1.534
1VQBA,L,V,28,7,25,0.55,-1.3032
1VQBA,E,F,30,7,25,1.02,1.01776
1VQBA,E,M,30,7,25,0.32,0.43304
1VQBA,E,N,30,7,25,-0.55,-0.98936
1VQBA,L,H,32,7,25,-0.45,-1.92912
1VQBA,L,R,32,7,25,-0.8,-2.36368
1VQBA,L,W,32,7,25,1.4,-0.96832
1VQBA,L,Y,32,7,25,0.5,-1.15
1VQBA,C,A,33,7,25,-0.25,-1.23928
1VQBA,C,I,33,7,25,-0.45,-0.58224
1VQBA,C,L,33,7,25,-1.3,-0.62216
1VQBA,C,M,33,7,25,-1.75,-0.66968
1VQBA,C,S,33,7,25,-2.12,-1.71872
1VQBA,C,T,33,7,25,-2.3,-1.50864
1VQBA,C,V,33,7,25,-0.1,-0.68832
1VQBA,V,A,35,7,25,-1.02,-1.22784
1VQBA,V,C,35,7,25,-0.55,-0.84016
1VQBA,V,F,35,7,25,-1.5,-0.83528
1VQBA,V,I,35,7,25,-0.32,-0.8552
1VQBA,V,L,35,7,25,-1.07,-0.78784
1VQBA,V,M,35,7,25,-0.53,-1.02256
1VQBA,V,T,35,7,25,-2.65,-1.33176
1VQBA,D,C,36,7,25,-1.02,-0.48248
1VQBA,D,N,36,7,25,-0.5,-0.97536
1VQBA,L,A,37,7,25,-3.85,-1.1252
1VQBA,L,C,37,7,25,-2.3,-1.024
1VQBA,L,I,37,7,25,-0.7,-0.83248
1VQBA,L,T,37,7,25,-2.6,-1.16192
1VQBA,L,V,37,7,25,-1.75,-0.95336
1VQBA,V,C,43,7,25,-1.05,-1.01616
1VQBA,V,T,43,7,25,-0.8,-1.30808
1VQBA,V,A,45,7,25,-1.05,-1.70504
1VQBA,V,C,45,7,25,-0.05,-1.20176
1VQBA,V,L,45,7,25,-1.5,-0.85992
1VQBA,V,T,45,7,25,-1.75,-1.9452
1VQBA,I,A,47,7,25,-3.32,-2.10312
1VQBA,I,C,47,7,25,-2.33,-1.49416
1VQBA,I,F,47,7,25,-0.85,-0.80688
1VQBA,I,L,47,7,25,-0.28,-0.78728
1VQBA,I,M,47,7,25,-1,-1.25984
1VQBA,I,T,47,7,25,-3.7,-2.22408
1VQBA,I,V,47,7,25,-1.18,-1.294
1VQBA,T,C,48,7,25,-0.4,-0.33352
1VQBA,T,V,48,7,25,0,-0.02912
1VQBA,L,A,49,7,25,-3.05,-2.5736
1VQBA,L,C,49,7,25,-2.05,-1.83856
1VQBA,L,I,49,7,25,-0.95,-1.33416
1VQBA,L,T,49,7,25,-2.85,-2.79752
1VQBA,L,V,49,7,25,-1.45,-1.88632
1VQBA,D,H,50,7,25,-0.77,-0.75016
1VQBA,T,C,62,7,25,-0.35,-0.19496
1VQBA,T,V,62,7,25,0.65,-0.15416
1VQBA,V,C,63,7,25,-2.05,-1.30024
1VQBA,V,T,63,7,25,-2.5,-2.2332
1VQBA,H,C,64,7,25,0.25,-0.90464
1VQBA,S,T,67,7,25,-0.8,-0.922
1VQBA,F,L,68,7,25,-2.12,-1.02856
1VQBA,F,V,68,7,25,-2.5,-1.10192
1VQBA,L,C,81,7,25,-1.85,-1.424
1VQBA,L,T,81,7,25,-2.55,-1.91904
1VQBA,L,V,81,7,25,-0.1,-1.30608
1VQBA,R,C,82,7,25,-0.75,-0.45416
1VQBA,A,T,86,7,25,-0.35,-1.07424
1VQBA,A,V,86,7,25,0.25,-0.79408
1WITA,Y,F,73,7,20,-2.15,-0.36272
1WQ5A,F,L,22,7.8,25,1.4,-1.0156
1WQ5A,E,A,49,7.8,25,0.41,-0.7788
1WQ5A,E,C,49,7.8,25,1.33,-0.5764
1WQ5A,E,D,49,7.8,25,0.07,-0.97672
1WQ5A,E,F,49,7.8,25,1.15,-0.26088
1WQ5A,E,G,49,7.8,25,-0.03,-0.86224
1WQ5A,E,H,49,7.8,25,1.51,-0.81856
1WQ5A,E,I,49,7.8,25,3.79,-0.38912
1WQ5A,E,K,49,7.8,25,0.42,-1.07048
1WQ5A,E,L,49,7.8,25,3.67,-0.25488
1WQ5A,E,M,49,7.4,25.1,3.13,-0.5044
1WQ5A,E,N,49,7.8,25,-0.05,-0.96328
1WQ5A,E,Q,49,7.3,25.1,-0.58,-0.94272
1WQ5A,E,S,49,7.4,25,-0.01,-0.92776
1WQ5A,E,T,49,7.8,25,0.16,-0.84392
1WQ5A,E,V,49,7.4,25,2.43,-0.49928
1WQ5A,E,W,49,7.8,25,-0.02,-0.52416
1WQ5A,E,Y,49,7.4,25,0.41,-0.61184
1WQ5A,C,A,81,9,50,-0.69,-1.15128
1WQ5A,C,G,81,9,50,-1.58,-1.2164
1WQ5A,C,S,81,9,50,-1.41,-1.25856
1WQ5A,C,V,81,9,50,-1.32,-0.9988
1WQ5A,L,A,99,7.8,25,-4.07,-1.7588
1WQ5A,C,A,118,9,50,-1.36,-1.4876
1WQ5A,C,S,118,9,50,-2.27,-1.82024
1WQ5A,C,V,118,9,50,-1.34,-0.94952
1WQ5A,L,A,127,7.8,25,-1.28,-1.9516
1WQ5A,F,W,139,7.8,23,-0.64,-1.23976
1WQ5A,L,A,176,7.8,25,-4.01,-1.11016
1WQ5A,G,D,211,7.8,25,-0.8,-1.06176
1WQ5A,G,E,211,7.8,33.2,1.1,-1.0912
1WQ5A,G,R,211,7.8,50.4,-0.12,-1.05128
1WQ5A,G,S,211,7.8,25,-0.15,-1.04336
1WQ5A,G,V,211,7.8,25,1.05,-0.92136
1WQ5A,G,W,211,7.8,25,-1.95,-0.91792
1WQ5A,G,D,234,7.8,25,3.4,-1.534
1WQ5A,G,K,234,7.8,25,0.2,-1.89872
1WQ5A,F,W,258,7.8,23,-1.17,-1.08184
1YU5X,H,Y,41,5.6,25,1.11,-0.4016
1YYJA,W,M,7,5,25,-0.85,-1.00216
1YYJA,L,A,10,5,25,-1.86,-1.10072
1YYJA,L,A,14,5,25,-1.92,-1.47664
1YYJA,K,A,15,5,25,-0.2,-0.69072
1YYJA,I,A,17,5,25,-1.3,-1.5288
1YYJA,E,A,18,5,25,1.3,-0.5836
1YYJA,A,G,23,5,25,-2.38,-1.26104
1YYJA,K,A,27,5,25,-0.17,-0.51704
1YYJA,K,G,27,5,25,-1,-0.61016
1YYJA,L,A,30,5,25,-2.83,-1.5176
1YYJA,M,A,33,5,25,-2.97,-1.58608
1YYJA,R,A,34,5,25,-2.25,-0.46792
1YYJA,R,G,34,5,25,-3.26,-0.96296
1YYJA,A,G,36,5,25,-2.61,-1.25552
1YYJA,A,G,37,5,25,-4.15,-1.32944
1YYJA,L,G,38,5,25,-1.44,-2.50784
1YYJA,A,G,40,5,25,-1.41,-1.32504
1YYJA,L,A,48,5,25,-3.73,-2.13216
1YYJA,K,G,51,5,25,-1.32,-0.76928
1YYJA,M,A,58,5,25,-2.91,-1.80472
1YYJA,L,A,68,5,25,-3.88,-1.63312
1YYJA,V,G,69,5,25,-3.61,-1.88376
1YYJA,I,A,72,5,25,-4.79,-1.59056
1YYJA,D,A,73,5,25,-1.57,-0.45904
1YYJA,L,A,76,5,25,-3.48,-2.70024
1YYJA,V,A,84,5,25,-3.42,-1.94136
1YYJA,A,G,87,5,25,-3.2,-1.45872
1YYJA,A,G,90,5,25,-2.34,-1.19776
1YYJA,A,G,91,5,25,-1.6,-1.29192
1YYJA,L,A,94,5,25,-1.5,-1.50112
1YYJA,I,A,98,5,25,-3.48,-1.2644
1YYJA,Y,A,101,5,25,0.52,-1.17392
1ZNJB,S,D,9,8,25,0.06,-1.07672
1ZNJB,H,D,10,7.2,24,0.76,-1.42128
1ZNJB,Y,T,26,8,25,-0.22,-1.09648
2A36A,T,D,22,6,25,1.5,-1.21368
2A36A,T,G,22,6,20.1,3.59,-1.09888
2A36A,T,K,22,6,25,0,-1.43344
2A36A,T,S,22,6,25,0.6,-1.16928
2ABDA,F,A,5,5.3,5,-2.61,-1.60976
2ABDA,A,G,9,5.3,5,-1.88,-1.28608
2ABDA,V,A,12,5.3,5,-1.54,-1.8268
2ABDA,L,A,15,5.3,5,-3.28,-1.55464
2ABDA,D,A,21,5.3,5,0.03,-0.61104
2ABDA,D,H,21,5.3,5,-0.56,-0.6676
2ABDA,L,A,25,5.3,5,-1.6,-2.1568
2ABDA,F,A,26,5.3,5,-1.79,-2.39936
2ABDA,Y,A,28,5.3,5,-2.74,-1.47704
2ABDA,Y,F,28,5.3,5,-1.23,-0.65904
2ABDA,Y,N,28,5.3,5,-2.48,-1.80176
2ABDA,Y,N,31,5.3,5,-1.86,-2.0352
2ABDA,K,A,32,5.3,5,-1.34,-0.36208
2ABDA,K,E,32,5.3,5,-1.48,-0.96384
2ABDA,K,R,32,5.3,5,-1.83,-0.68008
2ABDA,Q,A,33,5.3,5,-3.64,-0.49696
2ABDA,A,G,34,5.3,5,-1.33,-1.23264
2ABDA,T,A,35,5.3,5,-1.47,-0.91984
2ABDA,I,A,39,5.3,5,-1.05,-1.88056
2ABDA,K,M,52,5.3,5,0.24,-0.18344
2ABDA,K,A,54,5.3,5,-0.97,-0.28168
2ABDA,K,M,54,5.3,5,0.1,0.12304
2ABDA,E,A,67,5.3,5,-0.6,-0.8556
2ABDA,A,G,69,5.3,5,-2.28,-1.3944
2ABDA,Y,A,73,5.3,5,-4.77,-1.6792
2ABDA,Y,F,73,5.3,5,0.29,-0.27448
2ABDA,I,A,74,5.3,5,-1.7,-2.06528
2ABDA,V,A,77,5.3,5,-1.57,-1.7772
2ABDA,L,A,80,5.3,5,-4.15,-1.96632
2CI2I,K,A,21,6.2,25,-0.79,-0.68808
2CI2I,K,M,21,6.2,25,-0.7,-0.3488
2CI2I,T,A,22,6.3,35.7,-0.93,-0.86384
2CI2I,T,G,22,6.3,25,-1.07,-1.05696
2CI2I,T,V,22,6.3,25,-0.76,-0.2456
2CI2I,E,A,26,6.2,25,-0.75,-0.94328
2CI2I,E,Q,26,6.2,25,-0.6,-1.01928
2CI2I,L,A,27,5.7,33.7,-2.44,-2.04488
2CI2I,K,A,30,6.2,25,-0.39,-0.6888
2CI2I,S,A,31,5.8,31.2,-0.96,-0.6036
2CI2I,S,G,31,5.7,25,-0.49,-0.88848
2CI2I,E,D,33,6.2,25,-0.65,-1.01952
2CI2I,E,N,33,6.3,32.2,-0.55,-1.05696
2CI2I,E,Q,33,6.2,25,-0.39,-1.05056
2CI2I,E,D,34,6.2,25,-0.19,-1.0564
2CI2I,E,N,34,6.2,25,-0.58,-1.0348
2CI2I,E,Q,34,6.2,25,-0.58,-0.97992
2CI2I,A,G,35,6.2,25,-1.25,-1.3968
2CI2I,K,A,36,6.3,35.8,-0.7,-0.55928
2CI2I,K,G,36,6.2,25,-2.16,-0.75896
2CI2I,K,A,37,6.3,35.8,-0.18,-0.89632
2CI2I,K,G,37,6.3,35.8,-1.18,-0.9948
2CI2I,V,A,38,5.8,31.2,-0.31,-1.41168
2CI2I,I,L,39,7,30,-1.96,-0.67024
2CI2I,I,V,39,5.8,30.3,-1.16,-1.36128
2CI2I,L,A,40,6.2,25,-1.27,-2.1052
2CI2I,L,G,40,6.2,25,-1.73,-2.3088
2CI2I,Q,A,41,6.2,25,-0.28,-1.01512
2CI2I,Q,G,41,6.2,25,-0.76,-1.02176
2CI2I,D,A,42,6.2,25,-1,-0.76112
2CI2I,K,A,43,5.9,39.8,-0.82,-0.2932
2CI2I,K,G,43,6.2,25,-3.34,-0.554
2CI2I,E,A,45,5.8,37.2,-0.64,-0.85536
2CI2I,I,A,48,5.3,25,-3.68,-1.58768
2CI2I,I,V,48,5.7,33.4,-0.97,-1.06816
2CI2I,I,A,49,6.3,35.7,-1.05,-1.08432
2CI2I,I,G,49,6.3,25,-3.23,-1.11384
2CI2I,I,T,49,6.3,25,-1.21,-1.12168
2CI2I,I,V,49,6.3,35.7,-0.1,-1.10128
2CI2I,L,A,51,6.3,35.8,-2.16,-1.10976
2CI2I,L,I,51,6.2,25,-0.63,-1.0472
2CI2I,L,V,51,6.3,35.8,-0.67,-1.1408
2CI2I,V,A,53,6.3,35.7,-0.88,-1.24208
2CI2I,V,G,53,6.3,25,-2.26,-1.27944
2CI2I,V,T,53,6.3,35.7,-1.31,-1.21208
2CI2I,T,A,55,6.2,25,-0.59,-0.95384
2CI2I,T,S,55,6.2,25,-0.5,-1.06208
2CI2I,E,A,60,6.3,25,-0.89,-0.9236
2CI2I,R,A,62,6.2,25,-0.8,-0.81336
2CI2I,D,A,64,6.2,25,-0.91,-0.67624
2CI2I,V,A,66,5.3,25,-4.92,-1.4928
2CI2I,R,A,67,7,30.1,-1.21,-0.83488
2CI2I,L,A,68,5.3,25,-3.7,-2.56056
2CI2I,F,A,69,6.2,25,-3.53,-2.37712
2CI2I,F,L,69,6.3,35.8,-2.05,-0.99776
2CI2I,F,V,69,6.2,25,-1.9,-1.56024
2CI2I,V,A,70,5.7,33.7,-1.74,-1.6116
2CI2I,D,A,71,6.2,25,-3.28,-0.52352
2CI2I,K,N,72,6.2,25,-0.61,-0.9012
2CI2I,N,A,75,6.2,25,-1.02,-0.4068
2CI2I,N,D,75,6.2,25,-1.36,-1.1204
2CI2I,I,A,76,4.8,25,-4.21,-2.5948
2CI2I,I,V,76,5.7,33.7,0.1,-1.58088
2CI2I,A,G,77,6.3,25,-1.42,-1.29056
2CI2I,V,A,79,6.3,25,-1.46,-1.77816
2CI2I,V,G,79,6.3,25,-2.38,-2.0684
2CI2I,V,T,79,6.3,25,-0.89,-1.95592
2CI2I,V,A,82,6.3,25,-1.36,-1.8748
2CI2I,V,G,82,6.3,25,-3.24,-2.08192
2CI2I,V,T,82,6.3,25,-1.33,-1.94408
2DRIA,A,T,27,7.7,25,-3.3,-1.22392
2H61A,I,A,11,7.2,25,-1.65,-1.32136
2H61A,F,A,14,7.2,25,-2.85,-2.50768
2HPRA,S,D,46,7,54.2,0.72,-1.20472
2IMMA,M,I,21,7.4,20,0.24,-0.9492
2IMMA,F,Y,32,7.4,20,0.38,-1.72168
2IMMA,T,S,63,7.4,20,0.29,-1.2232
2IMMA,N,Q,90,7.4,20,1.05,-0.86
2IMMA,A,G,100,7.4,20,0.02,-1.15616
2LZMA,I,A,3,5.4,59.3,-0.79,-1.73216
2LZMA,I,C,3,5.4,59.3,0.07,-1.32672
2LZMA,I,D,3,5.4,59.3,-2.87,-2.22736
2LZMA,I,E,3,4,53,-1.72,-2.22968
2LZMA,I,F,3,4,53,-1.02,-0.83008
2LZMA,I,G,3,5.4,59.3,-2.03,-1.95288
2LZMA,I,L,3,4.2,56.2,0.77,-0.83024
2LZMA,I,M,3,5.4,59.3,-0.76,-1.2104
2LZMA,I,S,3,5.4,59.3,-1.75,-2.0808
2LZMA,I,T,3,4,53,-2.15,-1.91528
2LZMA,I,V,3,5.4,59.3,-0.45,-1.1828
2LZMA,I,W,3,6.5,64.7,-2.8,-1.21656
2LZMA,I,Y,3,5.4,59.3,-2.39,-1.44712
2LZMA,M,I,6,6.5,43.5,-3.1,-0.85824
2LZMA,E,A,11,5.4,66.5,1.1,-0.3316
2LZMA,E,F,11,5.4,66.5,1.7,-0.33576
2LZMA,E,M,11,5.4,66.5,1.6,-0.0064
2LZMA,Y,G,25,7,22,-4.55,-1.59304
2LZMA,G,A,30,5.4,66.5,0.1,-0.76144
2LZMA,G,F,30,5.4,66.5,-1.5,0.39248
2LZMA,S,A,38,3,53.4,-0.77,-0.93512
2LZMA,S,D,38,5.7,50.1,-0.01,-1.0244
2LZMA,S,A,44,2.5,47.8,0.44,-0.58016
2LZMA,C,T,54,6.2,67.6,0.87,-1.0504
2LZMA,C,V,54,6.5,70,-0.7,-0.97128
2LZMA,N,G,55,5.4,59.3,-0.58,-0.99536
2LZMA,K,H,60,5.4,54.9,-0.26,-0.28784
2LZMA,N,A,68,2.5,47.8,0.05,-0.5856
2LZMA,G,A,77,5.9,48.4,-0.2,-0.72312
2LZMA,S,H,90,5.5,59,-1.09,-0.86128
2LZMA,R,H,96,5.6,63.6,-2.91,-0.93832
2LZMA,A,T,98,7,22,-3.83,-1.31064
2LZMA,A,V,98,5.7,27.8,-4.98,-0.412
2LZMA,M,V,102,3,47,-3,-1.0772
2LZMA,V,A,103,7,22,-1.91,-2.12736
2LZMA,Q,A,105,4.8,59.8,-0.68,-0.9532
2LZMA,Q,E,105,4.8,59.8,-0.94,-1.15296
2LZMA,Q,G,105,5.9,41.7,-2.3,-0.92464
2LZMA,G,A,113,4,53.3,0.39,-0.84248
2LZMA,T,E,115,5,60.8,0.03,-1.14808
2LZMA,N,D,116,4.6,60.9,0.47,-1.04784
2LZMA,R,E,119,4.8,46.9,-0.06,-0.90664
2LZMA,R,M,119,4.8,59.8,0,-0.7224
2LZMA,Q,E,123,5.5,61.9,0.27,-1.01048
2LZMA,K,G,124,5.4,59.3,-0.08,-0.81528
2LZMA,E,A,128,2,40.8,0.16,-0.92592
2LZMA,E,K,128,3,47,-1.16,-1.18384
2LZMA,A,V,129,2.5,47.7,-0.74,-0.93376
2LZMA,V,A,131,3.4,53.2,0.3,-1.05752
2LZMA,V,D,131,3,53.1,0.08,-1.26352
2LZMA,V,E,131,3,53.1,0.2,-1.22392
2LZMA,V,G,131,3,53.1,-0.68,-1.17512
2LZMA,V,I,131,3,53.1,0.16,-0.92672
2LZMA,V,L,131,3,53.1,0.09,-0.86624
2LZMA,V,M,131,3,53.1,0.12,-1.018
2LZMA,V,S,131,3,53.1,-0.05,-1.2492
2LZMA,V,T,131,2.7,49.7,-0.09,-1.15064
2LZMA,N,F,132,5.4,66.5,1.3,-0.51536
2LZMA,N,I,132,5.4,66.5,1.2,-0.57688
2LZMA,N,M,132,5.4,66.5,1.5,-0.71904
2LZMA,L,A,133,2,40.8,-4.19,-1.6628
2LZMA,L,F,133,2.5,47.7,-0.26,-0.66168
2LZMA,K,E,135,4.8,46.9,-0.83,-0.95664
2LZMA,W,Y,138,6,26.4,-2.62,-1.13944
2LZMA,N,D,144,5.2,61.2,0.39,-0.986
2LZMA,N,E,144,5.5,61.9,0.46,-0.97016
2LZMA,A,T,146,6.1,44.5,-2.25,-1.36784
2LZMA,A,V,146,7,22,-4.31,-0.3544
2LZMA,K,E,147,4.8,46.9,-0.53,-0.83984
2LZMA,V,A,149,7,22,-2.87,-1.70248
2LZMA,V,C,149,3,40,-2.2,-1.20872
2LZMA,T,S,152,3,40,-2.6,-1.26688
2LZMA,R,E,154,4.4,61.2,-0.65,-1.27536
2LZMA,G,D,156,6.2,41.6,-3.03,-1.18528
2LZMA,T,A,157,2.5,46.3,-0.9,-0.94984
2LZMA,T,C,157,2,42,-1.3,-0.69984
2LZMA,T,D,157,6,26.1,-2.12,-1.12408
2LZMA,T,E,157,2.5,46.3,-1.22,-1.11608
2LZMA,T,F,157,6,26.1,-3.73,-0.69656
2LZMA,T,G,157,2,42,-1.1,-1.06016
2LZMA,T,H,157,2,42,-2.1,-0.91704
2LZMA,T,I,157,3.8,54.6,-1.79,-0.72784
2LZMA,T,L,157,2.5,46.3,-1.63,-0.67144
2LZMA,T,N,157,2.5,46.3,-0.99,-1.16696
2LZMA,T,R,157,2.5,46.3,-0.54,-1.14568
2LZMA,T,S,157,2,42,-0.66,-1.12408
2LZMA,T,V,157,2.5,46.3,-1.49,-0.59784
2LZMA,A,T,160,6.5,43.5,-3.12,-1.07976
2NVHA,L,A,6,6.5,25,-2.13,-1.32992
2NVHA,N,G,7,6.5,25,-1.91,-0.92936
2NVHA,C,A,8,6.5,25,-2.02,-1.35432
2NVHA,T,A,9,6.5,25,-1.45,-0.88128
2NVHA,T,G,9,6.5,25,-2.91,-1.05864
2NVHA,T,L,9,6.5,25,-1.9,-0.46552
2NVHA,T,Q,9,6.5,25,-2.53,-1.1156
2NVHA,L,A,10,6.5,25,-3.9,-1.54728
2NVHA,K,G,97,6.5,25,-1.65,-0.2448
2NVHA,K,R,97,6.5,25,-1.8,-0.498
2NVHA,K,V,97,6.5,25,1.15,0.4652
2OCJA,R,H,175,7.2,10,-3.47,-0.45104
2OCJA,C,S,242,7.2,10,-3.3,-1.99056
2OCJA,R,Q,248,7.2,10,-2.03,-0.9924
2OCJA,R,S,249,7.2,10,-1.81,-1.03416
2OCJA,R,H,273,7.2,10,-0.13,-0.7124
2RN2A,D,A,10,6.8,48.1,3.4,-0.14264
2RN2A,D,E,10,6.8,48.1,1.04,-1.09496
2RN2A,D,H,10,6.8,48.1,1.65,0.04752
2RN2A,D,N,10,6.8,48.1,0.99,-0.73224
2RN2A,D,S,10,6.8,48.1,1.95,-0.6532
2RN2A,G,A,23,4.6,51.9,0.57,-0.63728
2RN2A,A,V,24,4.6,51.8,0.83,0.2268
2RN2A,R,C,41,4.6,51.8,0.33,-0.15432
2RN2A,E,A,48,6.8,48.1,-0.23,-0.06432
2RN2A,E,D,48,6.8,48.1,-0.05,-0.83872
2RN2A,E,Q,48,6.8,48.1,0.15,-0.70368
2RN2A,A,C,52,3.2,53,0.8,-0.6032
2RN2A,A,D,52,3.2,53,-1.9,-1.76456
2RN2A,A,E,52,3.2,53,-1.5,-1.74608
2RN2A,A,F,52,3.2,53,-0.5,-0.10824
2RN2A,A,G,52,3.2,53,-2.7,-1.34856
2RN2A,A,H,52,3.2,53,-3.6,-0.9932
2RN2A,A,I,52,3.2,53,1.9,-0.10696
2RN2A,A,L,52,3.2,53,1.3,-0.07032
2RN2A,A,M,52,3.2,53,0.5,-0.24872
2RN2A,A,N,52,3.2,53,-1.8,-1.55864
2RN2A,A,Q,52,3.2,53,-1.2,-1.45304
2RN2A,A,S,52,3.2,53,-1.8,-1.46336
2RN2A,A,T,52,3.2,53,-0.8,-1.21184
2RN2A,A,V,52,3.1,51.6,1.7,-0.268
2RN2A,A,Y,52,3.2,53,-2.3,-0.48744
2RN2A,I,D,53,5.5,25,-3.1,-1.19008
2RN2A,I,F,53,5.5,25,-3.9,-0.9872
2RN2A,I,L,53,5.5,25,-1.4,-0.98488
2RN2A,I,V,53,5.5,25,-0.2,-1.05736
2RN2A,H,D,62,4.6,51.8,0.13,-1.29696
2RN2A,H,R,62,4.6,51.8,0.22,-1.19464
2RN2A,S,A,68,4.6,34,-0.2,-0.5408
2RN2A,S,G,68,4.6,34,-2.17,-0.87504
2RN2A,S,L,68,4.6,34,-0.82,0.50376
2RN2A,S,T,68,4.6,34,-0.01,-0.73376
2RN2A,S,V,68,4.6,34,0.7,-0.07352
2RN2A,D,A,70,6.8,48.1,0.65,-0.4568
2RN2A,D,E,70,6.8,48.1,0.25,-1.07192
2RN2A,D,N,70,6.8,48.1,0.89,-0.92632
2RN2A,V,A,74,4.6,51.2,-2.98,-1.49928
2RN2A,V,I,74,4.6,51.2,0.64,-0.89376
2RN2A,V,L,74,4.6,51.6,0.97,-0.84872
2RN2A,Q,L,76,3,50.1,0.24,-0.81816
2RN2A,G,A,77,3,49.8,-0.9,-0.87816
2RN2A,Q,L,80,3,50.1,0.3,-0.83392
2RN2A,K,R,91,4.6,49.8,0.07,-0.49112
2RN2A,D,E,94,4.6,49.8,-0.4,-1.0004
2RN2A,K,A,95,4.6,49.8,0.1,-0.64736
2RN2A,K,G,95,4.6,49.8,1.83,-0.71904
2RN2A,K,N,95,4.6,50.8,0.89,-0.76392
2RN2A,H,A,114,5.5,25,-1.87,-1.01184
2RN2A,K,R,117,4.6,51.8,0,-0.78432
2RN2A,E,V,119,4.6,51.8,0.51,-0.30808
2RN2A,H,A,124,6.4,25,0.17,-1.024
2RN2A,A,T,125,4.6,51.2,0.04,-1.05584
2RN2A,H,A,127,6.4,25,-0.32,-1.01
2RN2A,D,A,134,5.7,50.1,1.42,-0.71024
2RN2A,D,E,134,4.6,52,0.81,-1.10792
2RN2A,D,H,134,4.6,52,1.42,-0.60904
2RN2A,D,I,134,4.6,52,1.07,0.11264
2RN2A,D,L,134,4.6,52,1.38,0.2832
2RN2A,D,N,134,5.7,50.1,0.81,-0.90824
2RN2A,D,Q,134,4.6,52,1.02,-0.93712
2RN2A,D,S,134,4.6,52,0.79,-0.88768
2RN2A,D,T,134,4.6,52,0.74,-0.76184
2RN2A,D,V,134,4.6,52,0.83,-0.14696
2RN2A,E,K,135,4.6,51.8,-0.53,-0.98712
2TRXA,D,A,26,7.7,25,4.2,-0.2856
2TRXA,C,A,32,7,25,-3.5,-1.4084
2TRXA,C,A,35,7,25,-3.03,-1.7912
2TRXA,T,V,77,7,25,-0.72,0.1852
2TRXA,L,K,78,7,85.3,-1.95,-2.65544
2TRXA,L,R,78,7,85.3,-2,-2.34184
2TS1A,I,L,52,7.8,25,0.1,-0.99072
2TS1A,L,V,105,7.8,25,-3.15,-0.85696
3ECAA,T,A,12,7.4,25,0,-0.76768
3ECAA,T,S,12,7.4,25,-0.24,-1.40776
3ECAA,T,A,119,7.4,25,0,-0.85976
3ECAA,S,A,122,7.4,25,0.96,-0.93688
3GLYA,G,A,137,4.5,30,-0.31,-0.82984
3GLYA,G,A,251,4.5,30,-0.14,-0.44912
3HHRA,S,A,71,8,20,-1.12,-0.56328
3HHRA,S,Q,71,8,20,-1.37,-1.02352
3HHRA,S,T,71,8,20,-0.2,-0.73192
3HHRA,S,V,71,8,20,-1.26,0.40576
3HHRA,E,A,74,8,20,-0.95,-0.80832
3HHRA,E,D,74,8,20,-1.26,-1.00816
3HHRA,E,L,74,8,20,-1.01,0.11144
3HHRA,E,Q,74,8,20,-0.71,-1.01608
3HHRA,E,S,74,8,20,-1.01,-1.03736
3HHRA,E,T,74,8,20,-1.13,-0.89288
3MBPA,D,N,55,7.6,25,0.69,-1.04216
3MBPA,T,I,345,7.6,25,0.17,-0.86184
3PGKA,W,F,308,7.5,25,-2.46,-0.9492
3PGKA,W,Y,308,7.5,23.6,-1.06,-1.15816
3PGKA,W,F,333,7.5,24.1,-1.88,-0.88976
3PGKA,W,Y,333,7.5,25,-1.13,-1.07568
3PGKA,L,W,399,7.5,25,-2.56,-1.35808
3SILA,A,V,69,7,25,0.45,-0.18496
3SSIA,V,A,13,8,82.2,-3.42,-1.53752
3SSIA,V,F,13,8,82.2,-2.78,-0.64808
3SSIA,V,G,13,8,82.2,-4.96,-1.6716
3SSIA,V,I,13,8,82.2,-0.44,-0.76616
3SSIA,V,L,13,8,82.2,-1.17,-0.60392
3SSIA,V,M,13,8,82.2,-2.86,-1.01416
3SSIA,M,A,73,6.9,53.4,0.21,-1.17312
3SSIA,M,D,73,6.9,53.4,0.69,-1.21568
3SSIA,M,E,73,6.9,53.4,0.37,-1.24104
3SSIA,M,G,73,6.9,53.4,-0.11,-1.19592
3SSIA,M,I,73,6.9,53.4,-0.5,-0.95128
3SSIA,M,K,73,6.9,53.4,0.23,-1.29968
3SSIA,M,L,73,6.9,53.4,-0.16,-0.84336
3SSIA,M,V,73,6.9,53.4,-0.35,-1.01752
3SSIA,M,A,103,6.9,75.5,-1.13,-1.12472
3SSIA,M,G,103,8,81.6,-3.46,-1.22504
3SSIA,M,I,103,6.9,75.5,-1.01,-0.96848
3SSIA,M,L,103,6.9,75.5,0.08,-0.93264
3SSIA,M,V,103,6.9,75.5,-0.93,-0.87232
4LYZA,F,Y,3,6.4,74,-0.45,-1.384
4LYZA,M,F,12,2.7,66,0.28,-0.85312
4LYZA,M,L,12,2.7,66,-0.57,-0.85864
4LYZA,H,L,15,6.4,74,0.76,-0.45776
4LYZA,R,Q,21,6.4,74,-0.15,-0.9692
4LYZA,A,I,31,6.4,74,1.4,0.03368
4LYZA,A,L,31,6.4,74,1.8,0.10096
4LYZA,A,V,31,6.4,74,1.2,-0.2576
4LYZA,F,Y,34,6.4,74,0.19,-1.23968
4LYZA,E,H,35,4.6,35,-2.45,-0.54072
4LYZA,E,Q,35,4.6,35,-0.64,-0.85928
4LYZA,T,I,40,6.4,74,-2.2,-1.09024
4LYZA,T,S,40,6.4,74,-0.27,-1.44008
4LYZA,N,D,46,4.6,35,-0.44,-1.09904
4LYZA,G,A,49,4.2,48.8,-1.91,-0.88696
4LYZA,G,N,49,9.5,20,-0.96,-1.16592
4LYZA,I,A,55,6.4,74,-4.4,-3.30776
4LYZA,I,F,55,6.4,74,-2.46,-0.85536
4LYZA,I,L,55,6.4,74,-0.45,-0.866
4LYZA,I,M,55,6.4,74,-2.27,-1.43248
4LYZA,I,T,55,5.8,52.5,-4.12,-3.63928
4LYZA,I,V,55,6.4,74,-0.91,-1.68616
4LYZA,I,M,58,5.5,35,-1.18,-1.38816
4LYZA,G,A,67,4.2,48.8,-1.19,-0.96496
4LYZA,R,K,68,6.4,74,-0.04,-1.10024
4LYZA,G,A,71,2.7,65.6,-0.38,-0.93512
4LYZA,R,K,73,6.4,74,0.23,-1.32832
4LYZA,N,H,77,6.4,74,-0.38,-0.8568
4LYZA,I,M,78,5.5,35,-0.9,-1.19736
4LYZA,S,A,91,6.4,74,-0.15,-0.30152
4LYZA,S,D,91,6.4,74,-2.31,-1.29
4LYZA,S,T,91,6.4,74,0.99,-0.65224
4LYZA,S,V,91,6.4,74,-0.08,0.65856
4LYZA,S,Y,91,6.4,74,-3.07,0.42392
4LYZA,C,A,94,9.5,20,-4.78,-1.84696
4LYZA,I,M,98,5.5,35,-0.9,-1.34296
4LYZA,D,A,101,6.4,74,0.76,-0.90448
4LYZA,D,E,101,6.4,74,0,-1.01264
4LYZA,D,F,101,6.4,74,0.72,-0.57256
4LYZA,D,G,101,6.4,74,0.45,-0.99504
4LYZA,D,K,101,6.4,74,0.19,-1.30696
4LYZA,D,N,101,6.4,74,0.04,-1.06752
4LYZA,D,Q,101,6.4,74,-0.08,-1.0276
4LYZA,D,R,101,6.4,74,0.27,-1.13752
4LYZA,D,S,101,6.4,74,0.87,-1.06472
4LYZA,G,A,102,2.7,65.6,0.02,-0.86112
4LYZA,G,R,102,6.4,74,0.38,-1.0848
4LYZA,G,V,102,6.4,74,-0.04,-0.70048
4LYZA,N,D,103,9.5,20,0.24,-1.05032
4LYZA,M,T,105,9.5,20,-0.24,-2.21328
4LYZA,W,Q,108,4.6,35,-3.95,-2.00208
4LYZA,W,Y,108,4.6,35,-1.92,-1.16568
4LYZA,R,H,114,6.4,74,0.68,-0.70432
4LYZA,G,A,117,2.7,65.6,-1.46,-1.00112
4LYZA,Q,H,121,6.4,74,-0.45,-0.79144
5CROA,Q,L,16,3,45,1.4,-0.13552
5CROA,Y,C,26,5.8,45,1.1,-1.0528
5CROA,Y,D,26,7,45,1.35,-1.51664
5CROA,Y,F,26,7,45,0.2,-0.7072
5CROA,Y,H,26,7,45,0.95,-1.33336
5CROA,Y,L,26,7,45,0.55,-0.76144
5CROA,Y,Q,26,7,45,0.7,-1.48432
5CROA,Y,V,26,7,45,0.45,-0.93832
5CROA,Y,W,26,7,45,-0.05,-0.93368
5CROA,A,S,36,3,45,0.2,-1.1256
5DFRA,G,A,15,7.8,15,0.44,-1.00264
5DFRA,W,L,22,7.8,15,-0.31,-0.80216
5DFRA,L,V,24,7.8,15,-1.29,-1.35704
5DFRA,D,N,27,7.8,15,1.21,-1.0096
5DFRA,L,R,28,7.8,15,1.08,-1.20376
5DFRA,W,A,30,7.8,15,-2.03,-1.1676
5DFRA,W,E,30,7.8,15,-2.42,-1.30632
5DFRA,W,H,30,7.8,15,-2.44,-1.16232
5DFRA,W,N,30,7.8,15,-2.07,-1.28064
5DFRA,W,R,30,7.8,15,-2.09,-1.2616
5DFRA,W,S,30,7.8,15,-2.29,-1.25376
5DFRA,W,Y,30,7.8,15,-1.79,-1.04592
5DFRA,F,A,31,7.8,15,-1.72,-1.39688
5DFRA,F,V,31,7.8,15,-1.46,-1.134
5DFRA,T,A,35,7.8,15,-1.1,-0.794
5DFRA,V,A,40,7.8,15,-1.59,-1.57648
5DFRA,V,F,40,7.8,15,-1.99,-0.77632
5DFRA,V,I,40,7.8,15,-0.5,-0.94312
5DFRA,V,L,40,7.8,15,-0.78,-0.75848
5DFRA,V,M,40,7.8,15,-1.27,-1.0044
5DFRA,V,N,40,7.8,15,-1.82,-2.326
5DFRA,V,R,40,7.8,15,-1.38,-2.13056
5DFRA,V,S,40,7.8,15,-2.04,-2.14064
5DFRA,G,A,43,7.8,15,-0.48,-0.81368
5DFRA,R,A,44,7.8,15,-0.94,-0.72928
5DFRA,R,L,44,7.8,15,0.78,-0.4588
5DFRA,L,V,54,7.8,15,-0.32,-1.2068
5DFRA,N,C,59,7.8,15,0.24,-0.13984
5DFRA,N,E,59,7.8,15,-1.36,-1.07952
5DFRA,N,G,59,7.8,15,-2.01,-0.8012
5DFRA,N,H,59,7.8,15,-0.81,-0.55816
5DFRA,N,I,59,7.8,15,0.13,-0.67696
5DFRA,N,K,59,7.8,15,-1.55,-1.38768
5DFRA,N,L,59,7.8,15,0.01,-0.61152
5DFRA,N,M,59,7.8,15,-0.14,-0.33056
5DFRA,N,Q,59,7.8,15,-0.35,-0.88248
5DFRA,N,S,59,7.8,15,-1.26,-0.95264
5DFRA,N,V,59,7.8,15,0.36,-0.36056
5DFRA,I,L,61,7.8,15,-0.36,-0.86728
5DFRA,I,V,61,7.8,15,-0.83,-1.214
5DFRA,G,A,67,7,15,-0.05,-0.84536
5DFRA,G,C,67,7,15,-0.51,-0.55616
5DFRA,G,D,67,7,15,-0.58,-1.19792
5DFRA,G,V,67,7,15,-0.7,-0.8468
5DFRA,W,F,74,7.8,15,-1.2,-0.5516
5DFRA,V,A,75,7.8,15,-0.05,-1.79184
5DFRA,V,C,75,7.8,15,-0.05,-1.06104
5DFRA,V,H,75,7.1,15,-1.72,-1.80936
5DFRA,V,I,75,7.8,15,-1.65,-0.65736
5DFRA,V,R,75,7.8,15,-2,-2.16504
5DFRA,V,S,75,7.8,15,-0.8,-2.26416
5DFRA,V,Y,75,7.8,15,-1.8,-1.09872
5DFRA,C,S,85,7.8,15,-0.97,-2.282
5DFRA,V,A,88,7.2,20,0.29,-1.65552
5DFRA,V,I,88,7.2,20,-0.49,-0.75488
5DFRA,I,L,91,7.8,15,-1.5,-0.77328
5DFRA,I,V,91,7.8,15,-1.34,-1.04832
5DFRA,I,L,94,7.8,15,-0.63,-0.8352
5DFRA,I,V,94,7.8,15,-0.67,-1.2768
5DFRA,L,I,112,7.8,15,-0.25,-1.2356
5DFRA,L,V,112,7.8,15,-1.39,-1.60824
5DFRA,T,V,113,7.8,15,-0.91,0.1724
5DFRA,S,A,148,7.8,15,-0.42,-0.86528
5DFRA,S,E,148,7.8,15,-0.61,-1.0376
5DFRA,S,K,148,7.8,15,-0.38,-1.10128
5DFRA,S,N,148,7.8,15,-0.88,-1.0076
5DFRA,S,R,148,7.8,15,-0.66,-0.96648
5DFRA,S,T,148,7.8,15,-0.41,-0.93984
5DFRA,S,V,148,7.8,15,-0.35,-0.46016
5DFRA,C,E,152,7.8,15,-0.97,-1.60536
5DFRA,I,A,155,7.8,15,-2.99,-1.87896
5DFRA,I,D,155,7.8,15,-3.19,-2.20008
5DFRA,I,E,155,7.8,15,-2.62,-2.17888
5DFRA,I,K,155,7.8,15,-2.69,-2.32616
5DFRA,I,L,155,7.8,15,-1.63,-0.95552
5DFRA,I,Q,155,7.8,15,-3.01,-2.09192
5DFRA,I,R,155,7.8,15,-2.65,-2.05936
5DFRA,I,S,155,7.8,15,-3.09,-2.126
5DFRA,I,V,155,7.8,15,-0.03,-1.27632
5DFRA,I,W,155,7.8,15,-3.21,-1.28528
5DFRA,I,Y,155,7.8,15,-2.85,-1.4324
5PTIA,F,L,4,8.7,25,-2.2,-1.00528
5PTIA,Y,L,10,8.7,25,-2.9,-0.60792
5PTIA,G,D,12,8.7,25,-4.3,-1.1532
5PTIA,G,V,12,8.7,25,-4.1,-0.28944
5PTIA,Y,A,21,2,20,-3.9,-1.61608
5PTIA,Y,L,21,8.7,25,-3.4,-0.32728
5PTIA,F,A,22,2,22.7,-1.11,-2.43032
5PTIA,F,I,33,8.7,25,-2.4,-1.16856
5PTIA,F,L,33,8.7,25,-2.7,-1.09688
5PTIA,Y,A,35,8.7,25,-4.7,-1.91208
5PTIA,Y,F,35,8.7,25,-0.6,-0.14936
5PTIA,Y,G,35,5.4,25,-5,-2.25288
5PTIA,Y,N,35,8.7,25,-3.7,-2.59144
5PTIA,G,D,36,8.7,25,-2.8,-1.32408
5PTIA,G,S,36,4.6,72.6,-0.7,-1.25112
5PTIA,G,A,37,5.5,23.9,-3.01,-0.75936
5PTIA,G,D,37,8.7,25,-1.7,-1.30832
5PTIA,N,G,44,2,25,-4.7,-0.76176
