PDB_ID,WT_Residue,Mutant_Residue,Res_Num_PDB,PH,Temperature,Exp_ddG,ddG_dynamut2,ddG_dynamut,ddG_mcsm,ddG_mupro,ddG_encom,ddG_duet,ddG_sdm,ddG_imutant,ddG_maestro,ddG_PSP_GNM
1AJ3A,I,A,23,7,25,-3.6,-2.75,-0.86,-2.55,-2.28,1.05,-2.86,-2.25,-1.8,0.25,-1.48
1AJ3A,E,A,25,7,25,0.1,-0.88,1.96,-0.83,-2.28,0.09,-0.61,1.29,-0.56,0.11,-0.78
1AJ3A,A,E,25,7,25,-0.1,0.51,-0.09,-0.64,-1.06,-0.1,-0.37,-0.95,-0.47,0.11,0.78
1AJ3A,K,A,26,7,25,0,-0.96,1.85,-1.15,-2.28,0.85,-1,3.06,-0.58,-0.08,-0.64
1AJ3A,A,K,26,7,25,0,0.19,-0.17,-1.11,-0.73,-0.71,-1.24,-5.17,-0.56,-0.04,0.64
1AJ3A,V,A,30,7,25,-0.2,-1.31,-0.18,-1.56,-2.28,0.46,-1.54,-0.68,-1.21,-0.04,-1.33
1AJ3A,A,V,30,7,25,0.2,0.55,0.03,-0.6,-0.89,-0.46,-0.44,0.68,-1.1,-0.02,1.33
1AJ3A,T,A,40,7,25,0.3,-0.46,1.95,-0.69,-2.28,0.28,-0.41,2.29,-0.9,-0.13,-0.75
1AJ3A,A,T,40,7,25,-0.3,0.51,-0.66,-0.81,-0.82,-0.28,-0.67,-2.29,-0.9,-0.13,0.75
1AJ3A,V,A,42,7,25,-0.4,-0.29,-0.09,-0.63,-2.28,-0.01,-0.21,1.57,-1.17,-0.04,-1.43
1AJ3A,A,V,42,7,25,0.4,0.42,0.31,-0.48,-1.09,0.01,-0.24,-1.57,-1.21,-0.06,1.43
1AJ3A,N,G,44,7,25,-0.4,-0.16,0.2,-0.37,-2.28,0.49,-0.5,-1.54,-2.3,-0.01,-0.80
1AJ3A,G,N,44,7,25,0.4,0.14,0.72,-1.25,-1.07,-0.48,-0.95,1.55,-2.18,-0.02,0.80
1AJ3A,L,A,45,7,25,-0.2,-1.83,-0.89,-1.86,-2.28,0.45,-1.62,1.13,-2.13,0.2,-2.47
1AJ3A,A,L,45,7,25,0.2,0.85,0.28,-0.57,-3.35,-0.56,-0.36,-1.12,-2.26,0.21,2.47
1AJ3A,K,A,47,7,25,0.4,-0.44,1.02,-0.47,-2.28,0.12,0.24,0.86,-0.39,0.09,-0.01
1AJ3A,A,K,47,7,25,-0.4,-1.8,0.27,-1.61,-1.17,-0.08,-1.34,-0.86,0.17,0.09,0.01
1AJ3A,K,G,47,7,25,-0.5,-0.83,-0.61,-0.84,-2.28,0.07,-0.92,-2.77,-1.09,0.16,-0.25
1AJ3A,G,K,47,7,25,0.5,-2.18,-0.39,-1.66,-1.69,-0.05,-1.22,2.78,-0.39,0.16,0.25
1AJ3A,I,A,84,7,25,-2,-2.01,-0.1,-2.27,-2.28,0.84,-2.43,-1.12,-1.74,0.31,-1.26
1AJ3A,A,I,84,7,25,2,1.2,0.33,-0.07,-1.49,-0.75,0.13,1.13,-1.96,0.3,1.26
1AJ3A,Q,A,86,7,25,0,-0.01,0.41,-0.22,-2.28,0.01,0.12,0.99,0.43,0.16,-0.84
1AJ3A,A,Q,86,7,25,0,0.07,0.06,-1.02,-0.35,0.01,-0.71,-0.99,0.43,0.17,0.84
1AJ3A,Q,G,86,7,25,-1.3,-0.66,-0.6,-0.43,-2.28,-0.03,-0.36,-2.85,-0.17,0.27,-0.89
1AJ3A,G,Q,86,7,25,1.3,0.72,0.67,-1.09,-0.93,0.02,-0.59,2.86,-0.17,0.27,0.89
1AJ3A,L,A,88,7,25,-2.8,-2.7,0.21,-2.28,-2.28,1.08,-2.5,-1.45,-1.49,0.53,-2.36
1AJ3A,D,A,93,7,25,0.7,-0.26,1.65,-0.28,-2.28,0.11,0.07,2.04,-0.44,0.06,-0.47
1AJ3A,A,D,93,7,25,-0.7,0.1,-0.11,-1.68,-1.18,-0.1,-1.49,-2.03,-0.3,0.06,0.47
1AJ3A,D,G,93,7,25,-0.3,-0.37,-0.37,-0.54,-2.28,0.06,-0.44,-1.9,-0.7,0.17,-0.59
1AJ3A,G,D,93,7,25,0.3,-0.09,0.37,-1.61,-1.76,-0.04,-1.14,1.91,-0.53,0.17,0.59
1AJ3A,K,A,96,7,25,-0.4,-0.38,1,-0.5,-2.28,0.22,-0.27,0.86,0.13,0.14,-0.52
1AJ3A,A,K,96,7,25,0.4,0.19,0.14,-1.33,-0.35,-0.14,-1.03,-0.86,0.27,0.16,0.52
1AJ3A,K,G,96,7,25,-1.3,-0.84,-0.81,-0.88,-2.28,0.21,-0.95,-2.77,-0.61,0.25,-0.67
1AJ3A,G,K,96,7,25,1.3,0.76,0.83,-1.34,-0.91,-0.12,-0.84,2.78,-0.41,0.25,0.67
1AJ3A,L,A,98,7,25,-3.8,-2.33,0.14,-2.15,-2.28,1.24,-2.33,-1.45,-2.03,0.4,-1.48
1C9OA,F,W,38,7,25,0.24,-0.15,0.36,-0.56,-0.43,0,-0.29,0.84,0.2,0.01,-0.93
1C9OA,W,F,38,7,25,-0.24,-0.07,0.78,-0.21,0.11,-0.01,0.07,-0.84,0.21,0.01,0.93
1CEYA,D,A,12,7,25,2.5,-1.45,1.54,-1.13,-1.58,-0.02,-1.04,3.54,-1.68,-0.15,0.38
1CEYA,D,A,57,7,25,3.3,0.3,0.79,-0.74,-1.58,0.01,-0.68,2.86,-1.5,-0.3,0.47
1CSEI,V,A,54,7,25,-1.58,-1.65,0,-1.74,-1.74,0.51,-2.02,-2.73,-2.14,0.45,-1.47
1CSEI,A,V,54,7,25,1.58,0.94,0.66,0.55,-1.74,-0.52,0.89,1.02,-2.14,0.4,1.47
1CUNA,Q,G,115,7,25,-1.15,-1.86,-0.02,-1.62,-2.37,0.94,-2.16,-4.6,-1.38,0.11,-0.63
1CUNA,G,Q,115,7,25,1.15,0.73,0.75,-0.94,-1.45,-1.43,-0.58,3.14,-1.58,0.04,0.63
1CUNA,A,G,126,7,25,-1.65,-1.29,-0.93,-1.14,-2.37,-0.05,-1.2,-3.88,-0.73,0.06,-1.16
1CUNA,G,A,126,7,25,1.65,0.64,0.8,-0.79,-2.01,0.05,-0.32,3.88,-0.72,0.06,1.16
1CUNA,I,A,128,7,25,-1.65,-2.63,-0.41,-2.73,-2.37,0.92,-3.05,-2.25,-1.88,0.14,-3.26
1CUNA,A,I,128,7,25,1.65,1.15,0.39,0.24,-1.9,-0.91,0.42,-0.01,-1.86,0.13,3.26
1CUNA,I,V,128,7,25,-2.85,-0.58,-0.79,-1.67,-2.37,0.38,-1.82,-0.98,-0.01,0.07,-1.59
1CUNA,K,A,152,7,25,-0.15,0.07,0.03,-0.03,-2.37,0,0.24,0.86,0.04,0.08,-0.09
1CUNA,A,K,152,7,25,0.15,0.25,0.14,-0.96,-0.62,0.01,-0.61,-0.86,0.15,0.08,0.09
1CUNA,K,G,152,7,25,-1.45,-0.45,-0.61,-0.28,-2.37,-0.05,-0.25,-2.77,-0.68,0.12,-0.39
1CUNA,G,K,152,7,25,1.45,0.36,0.55,-1.08,-1.14,0.04,-0.58,2.78,-0.43,0.12,0.39
1CUNA,A,G,156,7,25,-1.45,-1.13,-1.15,-0.99,-2.37,-0.05,-0.98,-3.88,-1.22,0,-1.07
1CUNA,G,A,156,7,25,1.45,1.06,0.65,-0.63,-1.74,0.03,-0.09,3.88,-1.22,0,1.07
1CUNA,F,L,157,7,25,-1.85,-2.01,0.68,-1.35,-2.37,0.4,-1.36,0.29,-0.84,-0.2,-0.87
1CUNA,L,F,157,7,25,1.85,-1.16,-0.46,-1.83,-0.86,-0.34,-1.97,-0.4,-0.84,-0.21,0.87
1CUNA,A,G,173,7,25,-1.95,-0.3,-0.88,-0.69,-2.37,-0.05,-0.68,-3.88,-1.8,0.01,-1.07
1CUNA,G,A,173,7,25,1.95,0.94,0.7,-0.54,-1.37,0.05,-0.03,3.88,-1.8,0.01,1.07
1CUNA,A,G,191,7,25,-1.35,-0.95,-0.69,-0.82,-2.37,-0.06,-0.81,-3.88,-1.34,0,-1.07
1CUNA,G,A,191,7,25,1.35,0.98,0.89,-0.56,-1.29,0.07,-0.03,3.88,-1.34,0.01,1.07
1CUNA,M,A,193,7,25,-2.65,-1.93,-0.81,-2.33,-2.37,0.87,-2.32,-0.96,-1.77,0.14,-2.32
1CUNA,L,A,196,7,25,-4.55,-2.86,-0.42,-2.73,-2.37,1.16,-3.06,-2.34,-1.95,0.34,-2.74
1CUNA,S,A,201,7,25,0.15,-0.1,1.83,-0.58,-2.37,0.11,-0.25,2.26,0.08,0,-0.64
1CUNA,A,S,201,7,25,-0.15,0.17,0.06,-0.91,-0.7,-0.06,-0.72,-2.25,0.1,0,0.64
1CUNA,S,G,201,7,25,-0.95,-0.2,-0.56,-0.73,-2.37,0.06,-0.69,-1.74,-0.44,0.02,-0.78
1CUNA,G,S,201,7,25,0.95,0.12,0.97,-1.05,-1.31,-0.06,-0.65,1.74,-0.41,0.02,0.78
1CUNA,L,A,203,7,25,-4.05,-3.12,-0.62,-2.6,-2.37,1.19,-2.91,-2.34,-2.11,0.28,-2.85
1CUNA,A,G,212,7,25,-1.45,-1.07,-0.82,-1.07,-2.37,-0.1,-1.1,-3.88,-0.96,0.03,-1.11
1CUNA,G,A,212,7,25,1.45,1.02,1.33,-0.75,-1.6,0.1,-0.24,3.88,-0.95,0.03,1.11
1CUNA,L,A,214,7,25,-3.65,-3.16,-0.63,-3.05,-2.37,1.19,-3.38,-2.34,-2.52,0.11,-0.78
1E65A,I,T,20,7,25,-2.39,-1.81,-1.51,-2.31,-0.81,0.17,-2.49,-4.34,-1.66,0.34,-2.31
1E65A,V,T,31,7,25,-1.08,-2.18,-1.66,-2.28,-0.81,0.26,-2.42,-3.54,-1.59,0.23,-2.55
1E65A,T,V,31,7,25,1.08,0.69,0.55,-0.69,-2.13,-0.12,-0.52,2.95,-1.59,0.23,2.55
1E65A,L,V,50,7,25,-0.36,-0.08,0.69,-0.93,-0.81,0.21,-0.83,-0.39,-1.4,0.09,-0.57
1E65A,V,L,50,7,25,0.36,1.16,-0.01,0.1,-0.93,-0.3,0.29,-0.79,-1.47,0.08,0.57
1E65A,V,G,60,7,25,-3.11,-3.28,-1.13,-2.05,-0.81,0.6,-2.44,-5.02,-2.76,0.32,-2.29
1E65A,A,G,82,7,25,-3.11,-1.78,-0.61,-1.08,-0.81,0.44,-1.19,-1.87,-3.03,0.22,-1.26
1E65A,V,T,95,7,25,0.96,-1.53,-0.66,-1.79,-0.81,-0.05,-1.75,-2.02,-1.64,0.13,-2.16
1E65A,T,V,95,7,25,-0.96,0.64,0.4,-0.73,-2.07,-0.06,-0.56,2.02,-1.63,0.15,2.16
1HMKA,V,A,8,7,25,-0.83,-1.84,-0.78,-2.11,-2.26,0.55,-2.34,-1.53,-1.32,0.16,-1.53
1HMKA,A,V,8,7,25,0.83,1.45,0.27,0.17,-1.38,-0.55,0.34,-0.18,-1.32,0.14,1.53
1HMKA,L,A,12,7,25,-2.73,-2.47,-0.3,-2.7,-2.26,0.79,-3.18,-2.77,-2.23,0.39,-1.65
1HMKA,V,A,27,7,25,-1.24,-2.86,-0.9,-2.31,-2.26,0.72,-2.56,-1.53,-1.54,0.14,-1.68
1HMKA,A,V,27,7,25,1.24,1.37,0.6,0.1,-0.89,-0.47,0.27,-0.18,-1.54,0.09,1.68
1HMKA,T,V,29,7,25,2.26,0.65,2.04,0.35,-2.26,-0.13,0.91,2.45,0.14,-0.33,1.02
1HMKA,I,V,55,7,25,-2.72,-0.75,-0.56,-1.79,-2.26,0.13,-1.8,-0.83,-1.56,0.15,-1.43
1HMKA,W,A,60,7,25,-2.01,-2.94,-0.1,-3.14,-2.26,1.88,-2.95,-1.25,-2.42,0.02,-1.33
1HMKA,I,V,89,7,25,-0.86,-0.85,0.23,-1.54,-2.26,0.28,-1.52,-0.44,-0.96,0.09,-1.38
1HMKA,V,I,89,7,25,0.86,0.85,0.53,-0.59,-0.63,-0.28,-0.47,0.45,-0.96,0.09,1.38
1HMKA,I,V,95,7,25,-1.72,-0.74,-0.27,-1.2,-2.26,0.33,-1.3,-0.98,-1.17,0.12,-1.18
1HMKA,V,I,95,7,25,1.72,0.9,0.3,0.12,-0.46,-0.42,0.29,-0.1,-1.14,0.11,1.18
1HMKA,L,A,96,7,25,-1.75,-1.71,-0.19,-2.23,-2.26,1.14,-2.42,-1.19,-2.15,0.24,-2.10
1HMKA,A,L,96,7,25,1.75,1.06,0.45,0.63,-2.88,-1.05,0.83,1.19,-2.14,0.23,2.10
1HMKA,Y,F,103,7,25,-2.13,-0.55,-0.01,-0.92,-2.26,-0.05,-0.72,0.72,-0.47,-0.01,-0.77
1HMKA,L,A,110,7,25,-0.35,-1.26,0.42,-0.79,-2.26,0.39,-0.9,-1.49,-1.14,0.07,-1.55
1HMKA,A,L,110,7,25,0.35,0.64,0.18,-0.19,-2.26,-0.3,-0.09,1.5,-1.2,0.09,1.55
1IETA,D,R,60,7.2,25,0.14,0.32,0.44,0.54,-1.17,-0.04,0.65,-0.03,0.61,-0.09,-0.51
1IETA,R,D,60,7.2,25,-0.14,-0.18,0.37,-0.16,-1.17,0.01,-0.02,0.03,0.65,-0.1,0.51
1IFCA,W,Y,6,7,25,-0.87,-1.82,-1.17,-1.87,-2.04,0.32,-2.18,-2.55,-1.08,-0.09,-0.98
1IFCA,Y,W,6,7,25,0.87,1.07,1.04,-0.5,-1.35,-0.29,-0.49,1.19,-1.18,-0.09,0.98
1IFCA,V,N,60,7,25,-0.83,-1.02,-0.81,-1.25,-2.04,0.02,-1.23,-3.49,-2.54,0.29,-0.99
1IFCA,N,V,60,7,25,0.83,0.45,1.21,-0.3,-1.32,0.02,-0.1,3.49,-2.39,0.27,0.99
1IFCA,F,A,68,7,25,-0.42,-1.77,-0.41,-1.54,-2.04,0.46,-1.66,-1.96,-2.03,0.13,-2.89
1IFCA,A,F,68,7,25,0.42,0.84,1.02,-0.93,-1.75,-0.22,-0.74,1.86,-2.04,0.13,2.89
1IFCA,F,A,93,7,25,-2.37,-2.95,0.7,-2.72,-2.04,1.11,-3.1,-3.65,-2.72,0.04,-1.54
1IGVA,Y,F,13,7.1,25,-1.08,-0.05,0.86,-1.02,-1.21,-0.12,-0.73,2.11,-0.61,-0.03,-0.92
1IGVA,F,Y,13,7.1,25,1.08,0.37,-0.02,-0.76,-0.04,0.1,-0.84,-2.11,-0.54,-0.02,0.92
1IGVA,F,W,66,7,25,-0.93,-0.25,-0.11,-0.42,-1.21,-0.01,-0.43,-0.03,-0.96,0.14,-1.40
1IGVA,W,F,66,7,25,0.93,-0.23,-0.61,-1.39,-1.06,0,-1.55,-1.69,-0.96,0.13,1.40
1IGVA,V,L,70,7,25,-0.13,0.31,0.72,0.22,-1.21,-0.46,0.41,0.79,-1.07,-0.35,-0.70
1IGVA,L,V,70,7,25,0.13,0.55,-0.46,-0.61,-1.21,0.45,-0.5,-0.79,-1.1,-0.34,0.70
1JIWI,D,A,10,7.1,25,-0.7,-0.25,0.64,-0.21,0.15,0.04,0.15,3.02,-0.57,0.1,-0.80
1JIWI,A,D,10,7.1,25,0.7,0.14,0.08,0.07,-1.57,-0.01,0.23,-3.01,-0.54,0.12,0.80
1JIWI,W,F,15,7.1,25,-2.3,-1.27,0.17,-2.16,0.15,0.52,-2.44,-1.23,-0.82,0.03,-0.60
1LNIA,Y,F,30,7,25,0.4,-0.08,0.72,-0.57,-1.44,0.26,-0.51,0.68,-0.71,0.01,-0.40
1LNIA,F,Y,30,7,25,-0.4,0.03,0.18,-0.4,-0.42,-0.24,-0.37,-0.68,-0.71,0.01,0.40
1LNIA,Y,F,55,7,25,-0.6,-0.72,0.65,-1.02,-1.44,0.07,-0.92,1.33,-1.16,-0.08,-0.14
1LNIA,F,Y,55,7,25,0.6,0.51,0.34,-0.64,-0.42,-0.01,-0.63,-1.32,-1.14,-0.08,0.14
1LNIA,Y,F,80,7,25,-1.5,-1.06,0.25,-1.12,-1.44,-0.08,-0.66,1.01,-0.74,-0.08,-0.40
1LNIA,F,Y,80,7,25,1.5,0.14,0.59,-1.06,-0.97,0.08,-1.15,-1.65,-0.81,-0.07,0.40
1MGRA,Y,F,54,7,25,-2.6,-1.23,-0.87,-0.94,-0.88,0.03,-1.04,1.53,-0.3,0.05,-0.05
1MGRA,Y,F,84,7,25,-1,-0.82,-0.6,-1.25,-0.88,-0.02,-1.22,1.01,-1.18,-0.02,0.26
1MGRA,F,Y,84,7,25,1,0.45,-0.31,-0.86,-0.88,-0.47,-0.92,-1.65,-1.2,-0.01,-0.26
1MJCA,F,L,20,7,25,-0.31,-0.23,0.43,-0.39,-0.86,0.47,-0.43,-0.18,-0.77,-0.18,-0.83
1MJCA,L,F,20,7,25,0.31,0.17,-0.53,-1.35,-0.11,-0.46,-1.46,0.19,-0.82,-0.17,0.83
1MJCA,F,S,20,7,25,-1.16,-2.14,-0.17,-2.28,-0.86,0.96,-2.41,-2.75,-1.07,0.46,-1.46
1MJCA,S,F,20,7,25,1.16,1.01,0.08,-0.71,-1.16,-0.95,-0.69,2.76,-1.15,0.46,1.46
1MJCA,F,S,31,7,25,-1.03,-2.41,-0.38,-2.37,-0.86,0.62,-2.47,-2.74,-0.98,0.44,-2.57
1MJCA,S,F,31,7,25,1.03,0.98,0.64,-0.67,-1.33,-1.4,-0.55,2.74,-0.83,0.43,2.57
1MJCA,S,W,52,7,25,-0.2,-1.04,0.12,-1.01,-0.86,-1.47,-1.12,0.74,0.13,-0.22,0.46
1MJCA,W,S,52,7,25,0.2,0.33,-0.2,-2.24,-0.86,1.47,-1.98,-0.73,0.12,-0.22,-0.46
1MSIA,E,A,25,7,25,-0.09,-0.43,0.59,-0.57,-0.98,-0.01,-0.35,0.29,-0.65,-0.39,0.00
1MSIA,A,E,25,7,25,0.09,0.27,0.44,-0.67,-0.91,0.01,-0.28,-0.29,-0.54,-0.38,0.00
1MSIA,R,A,47,7,25,-0.74,-0.46,0.1,-0.23,-0.98,0.49,-0.38,-1.04,-0.59,-0.1,-0.37
1MSIA,A,R,47,7,25,0.74,0.58,0.36,-0.82,-1.73,-0.01,-0.57,0.89,-0.25,-0.09,0.37
1MSIA,D,N,58,7,25,-0.2,-0.73,0.11,-0.12,-0.98,0.13,0.14,-0.42,-0.69,0.03,-0.81
1MSIA,N,D,58,7,25,0.2,0.4,0.17,0.09,-0.98,-0.12,0.46,0.43,-0.5,0.03,0.81
1RN1C,V,T,16,7,25,-3.65,-2.29,-1.74,-2.37,-1.98,0.21,-2.51,-3.05,-1.78,0.4,-2.18
1RN1C,V,S,78,7,25,-4.73,-4.1,0.32,-3.37,-1.98,0.74,-3.56,-4.45,-1.9,0.78,-2.87
1RN1C,V,T,78,7,25,-3.59,-3.92,0.31,-2.99,-1.98,0.57,-3.15,-3.54,-1.63,0.52,-2.52
1SHFA,I,A,111,7,25,-2.84,-2.13,-0.55,-2.13,-1.43,0.34,-2.38,-2.12,-2.4,0.41,-1.93
1SHFA,I,L,111,7,25,-0.71,0.13,1.04,-0.48,-1.43,0.11,-0.34,-0.78,-0.39,0.01,-0.79
1SHFA,L,I,111,7,25,0.71,0.14,0.04,-0.58,-0.58,-0.41,-0.39,0.78,-0.46,0.01,0.79
1SHFA,V,M,138,7,25,-0.52,-0.02,0.46,-0.01,-1.43,-0.17,0,-0.88,-0.63,0.11,-0.84
1SHFA,M,V,138,7,25,0.52,-0.14,0.54,-0.49,-1.43,0.19,-0.2,-0.79,-0.75,0.12,0.84
1ZG4A,W,F,290,7,25,-0.83,-1.59,-0.66,-1.12,0,-0.09,-1.27,-1.57,-0.71,-0.02,-0.70
1ZG4A,F,W,290,7,25,0.83,0.42,-0.23,-0.36,0,-0.26,-0.41,1.57,-0.79,-0.02,0.70
2TRXA,D,I,26,7,25,3.37,2.74,1.66,2.08,0.07,-0.29,2.2,4.29,-0.14,-0.9,1.45
2TRXA,T,L,66,7,25,-1.03,0.37,1.34,0.34,0.07,-0.28,0.59,2.18,-0.84,-0.28,-0.39
2TRXA,L,T,66,7,25,1.03,0.27,-1.44,-1.98,0.07,0.28,-2.14,-3.71,-0.95,-0.28,0.39
3SILA,A,L,53,7,25,0.9,-0.1,0.8,0.27,-0.25,-1.15,0.47,0.19,-0.89,-0.1,1.06
3SILA,L,A,53,7,25,-0.9,-0.25,0.05,-2.98,-0.25,1.16,-3.35,-2.49,-0.89,-0.11,-1.06
