PDB_CHAIN,WILD_RES,RES_NUM_PDB,MUTANT_RES,Category,PH,TEMPERATURE,EXP_DDG,ALAnonALA,SST,RES_IND_SEQ,Calc_ddG,Calc_ddI,Calc_ddG_mean,Calc_ddI_mean,Num_contacts,Calc_Energy_scaled,Calc_Entropy_scaled,ddG_PSP_GNM
1AG2A,E,200,K,Forward,7.0,25.0,-0.14,nonALA,Alpha Helix,76,0.41000000000000014,0.0020000000000000018,0.41000000000000014,0.0020000000000000018,1,-1.0287,-1.0104,-1.04264
1AG2A,F,198,S,Forward,7.0,25.0,-2.46,nonALA,None,74,9.620000000000001,-0.276,2.4050000000000002,-0.069,4,-1.6734,-0.9548,-1.8016800000000002
1AG2A,M,129,V,Forward,7.0,25.0,-0.33,nonALA,Strand,5,0.5600000000000014,0.04499999999999996,0.11200000000000028,0.00899999999999999,5,-1.0392000000000001,-1.019,-1.0512000000000001
1AG2A,Q,217,R,Forward,7.0,25.0,-2.13,nonALA,Alpha Helix,93,-0.2700000000000007,0.007000000000000117,-0.038571428571428666,0.0010000000000000167,7,-0.9811,-1.0114,-0.9878399999999999
1AG2A,R,208,H,Forward,7.0,25.0,-1.44,nonALA,Alpha Helix,84,-2.3599999999999994,0.1309999999999999,-0.5899999999999999,0.032749999999999974,4,-0.8348,-1.0362,-0.8107200000000001
1AG2A,T,183,A,Forward,7.0,25.0,-4.62,ALA,Pi Helix,59,-3.0900000000000007,1.0110000000000003,-0.25750000000000006,0.08425000000000003,12,-0.7837,-1.2122000000000002,-0.6819199999999999
1AG2A,T,190,V,Forward,7.0,25.0,-0.17,nonALA,Alpha Helix,66,-6.03,-0.03900000000000002,-1.206,-0.007800000000000004,5,-0.5779,-1.0022,-0.53072
1AG2A,V,180,I,Forward,7.0,25.0,-0.5,nonALA,Pi Helix,56,-4.599999999999999,-0.5550000000000002,-0.5749999999999998,-0.06937500000000002,8,-0.678,-0.899,-0.6864000000000001
1AG2A,V,210,I,Forward,7.0,25.0,-0.26,nonALA,Alpha Helix,86,-4.070000000000001,-0.913,-0.5087500000000001,-0.114125,8,-0.7150999999999998,-0.8274,-0.7574399999999999
1AJ3A,W,22,F,Forward,7.5,25.0,-1.11,nonALA,Alpha Helix,12,-1.2800000000000002,-0.11299999999999999,-0.6400000000000001,-0.056499999999999995,2,-0.9104,-0.9874,-0.91664
1ANKA,R,88,G,Forward,7.4,51.8,-0.2,nonALA,None,87,-1.7999999999999996,0.264,-0.12857142857142853,0.018857142857142857,14,-0.874,-1.0628,-0.8448800000000001
1B26A,E,231,A,Forward,7.0,69.5,-0.17,ALA,Pi Helix,227,0.49,0.0030000000000000027,0.49,0.0030000000000000027,1,-1.0343,-1.0106,-1.0489600000000001
1B26A,K,193,A,Forward,7.0,69.5,0.23,ALA,Alpha Helix,189,-13.93,-0.42800000000000016,-1.0715384615384616,-0.03292307692307694,13,-0.024899999999999922,-0.9244,0.07016
1B26A,R,190,A,Forward,7.0,69.5,-0.34,ALA,Alpha Helix,186,-9.500000000000002,-0.3719999999999998,-0.5937500000000001,-0.023249999999999986,16,-0.33499999999999985,-0.9356000000000001,-0.2797599999999999
1BNIA,A,32,C,Forward,6.3,25.0,-1.0,nonALA,Alpha Helix,29,-2.25,0.006000000000000005,-0.75,0.0020000000000000018,3,-0.8425,-1.0112,-0.82952
1BNIA,A,32,D,Forward,6.3,25.0,-0.7,nonALA,Alpha Helix,29,0.5,0.023999999999999966,0.16666666666666666,0.007999999999999988,3,-1.035,-1.0148,-1.0480800000000001
1BNIA,A,32,E,Forward,6.3,25.0,-0.6,nonALA,Alpha Helix,29,0.6399999999999998,0.021999999999999964,0.21333333333333326,0.007333333333333321,3,-1.0448,-1.0144,-1.05944
1BNIA,A,32,F,Forward,6.3,25.0,-0.7,nonALA,Alpha Helix,29,-6.109999999999999,-0.04400000000000004,-2.0366666666666666,-0.01466666666666668,3,-0.5723,-1.0012,-0.5247200000000001
1BNIA,A,32,G,Forward,6.3,25.0,-0.9,nonALA,Alpha Helix,29,0.6399999999999999,0.0030000000000000027,0.2133333333333333,0.0010000000000000009,3,-1.0448,-1.0106,-1.06096
1BNIA,A,32,H,Forward,6.3,25.0,-0.8,nonALA,Alpha Helix,29,-0.78,0.0,-0.26,0.0,3,-0.9454,-1.01,-0.9476
1BNIA,A,32,I,Forward,6.3,25.0,-0.8,nonALA,Alpha Helix,29,-4.97,-0.016000000000000014,-1.6566666666666665,-0.005333333333333338,3,-0.6520999999999999,-1.0068,-0.61368
1BNIA,A,32,K,Forward,6.3,25.0,-0.2,nonALA,Alpha Helix,29,1.8599999999999994,0.02799999999999997,0.6199999999999998,0.009333333333333324,3,-1.1301999999999999,-1.0156,-1.15656
1BNIA,A,32,L,Forward,6.3,25.0,-0.3,nonALA,Alpha Helix,29,-6.050000000000001,-0.03600000000000003,-2.016666666666667,-0.01200000000000001,3,-0.5764999999999999,-1.0028,-0.5288799999999999
1BNIA,A,32,M,Forward,6.3,25.0,-0.3,nonALA,Alpha Helix,29,-3.5700000000000003,-0.016000000000000014,-1.1900000000000002,-0.005333333333333338,3,-0.7501,-1.0068,-0.72568
1BNIA,A,32,N,Forward,6.3,25.0,-0.7,nonALA,Alpha Helix,29,0.5299999999999998,0.0020000000000000018,0.1766666666666666,0.0006666666666666673,3,-1.0371,-1.0104,-1.05224
1BNIA,A,32,Q,Forward,6.3,25.0,-0.5,nonALA,Alpha Helix,29,0.6299999999999999,0.0020000000000000018,0.20999999999999996,0.0006666666666666673,3,-1.0441,-1.0104,-1.06024
1BNIA,A,32,R,Forward,6.3,25.0,-0.1,nonALA,Alpha Helix,29,0.34999999999999987,0.0010000000000000009,0.11666666666666663,0.00033333333333333365,3,-1.0245,-1.0102,-1.03792
1BNIA,A,32,S,Forward,6.3,25.0,-0.4,nonALA,Alpha Helix,29,0.6299999999999999,0.0010000000000000009,0.20999999999999996,0.00033333333333333365,3,-1.0441,-1.0102,-1.06032
1BNIA,A,32,T,Forward,6.3,25.0,-0.8,nonALA,Alpha Helix,29,-0.18000000000000016,-0.0020000000000000018,-0.06000000000000005,-0.0006666666666666673,3,-0.9873999999999999,-1.0096,-0.99576
1BNIA,A,32,V,Forward,6.3,25.0,-0.9,nonALA,Alpha Helix,29,-3.38,-0.0040000000000000036,-1.1266666666666667,-0.0013333333333333346,3,-0.7634,-1.0092,-0.73992
1BNIA,A,32,W,Forward,6.3,25.0,-1.0,nonALA,Alpha Helix,29,-3.8400000000000007,-0.008000000000000007,-1.2800000000000002,-0.002666666666666669,3,-0.7311999999999999,-1.0084,-0.70344
1BNIA,A,32,Y,Forward,6.3,25.0,-0.8,nonALA,Alpha Helix,29,-3.34,-0.006000000000000005,-1.1133333333333333,-0.0020000000000000018,3,-0.7662,-1.0088,-0.74328
1BNIA,D,12,S,Forward,6.3,25.0,-0.65,nonALA,Alpha Helix,9,0.6699999999999999,0.0020000000000000018,0.6699999999999999,0.0020000000000000018,1,-1.0469,-1.0104,-1.06344
1BNIA,D,44,E,Forward,6.3,25.0,0.1,nonALA,Alpha Helix,41,0.9799999999999998,0.0050000000000000044,0.12249999999999997,0.0006250000000000006,8,-1.0686,-1.0110000000000001,-1.088
1BNIA,D,8,G,Forward,6.3,25.0,-1.17,nonALA,Alpha Helix,5,-0.6099999999999999,-0.01200000000000001,-0.6099999999999999,-0.01200000000000001,1,-0.9573,-1.0076,-0.96216
1BNIA,D,8,S,Forward,6.3,25.0,-0.97,nonALA,Alpha Helix,5,-0.3500000000000001,-0.007000000000000006,-0.3500000000000001,-0.007000000000000006,1,-0.9755,-1.0086,-0.98256
1BNIA,D,93,N,Forward,6.3,25.0,-4.11,nonALA,Turn,90,0.5700000000000003,0.006999999999999895,0.28500000000000014,0.0034999999999999476,2,-1.0399,-1.0114,-1.05504
1BNIA,E,29,A,Forward,6.3,25.0,-1.25,ALA,Alpha Helix,26,-6.5600000000000005,-0.48099999999999987,-1.0933333333333335,-0.08016666666666665,6,-0.5408,-0.9138000000000001,-0.5236799999999999
1BNIA,E,29,Q,Forward,6.3,25.0,0.0,nonALA,Alpha Helix,26,-1.9099999999999995,-0.041999999999999926,-0.31833333333333325,-0.006999999999999988,6,-0.8663000000000001,-1.0016,-0.86056
1BNIA,E,29,S,Forward,6.3,25.0,-1.23,nonALA,Alpha Helix,26,-1.5499999999999998,-0.025999999999999912,-0.2583333333333333,-0.004333333333333318,6,-0.8915,-1.0048,-0.88808
1BNIA,E,73,A,Forward,6.3,25.0,-2.5,ALA,Strand,70,-10.020000000000001,-0.9100000000000006,-0.910909090909091,-0.08272727272727277,11,-0.29859999999999987,-0.8279999999999998,-0.2811999999999999
1BNIA,E,73,G,Forward,6.3,25.0,-5.4,nonALA,Strand,70,-5.289999999999999,-0.37900000000000045,-0.48090909090909084,-0.034454545454545495,11,-0.6297,-0.9341999999999999,-0.6171200000000001
1BNIA,G,34,A,Forward,6.3,25.0,-3.12,ALA,Turn,31,-1.7100000000000004,-0.011999999999999983,-0.4275000000000001,-0.0029999999999999957,4,-0.8803,-1.0076,-0.8741599999999999
1BNIA,G,34,D,Forward,6.3,25.0,-3.39,nonALA,Turn,31,2.3200000000000003,0.009000000000000008,0.5800000000000001,0.002250000000000002,4,-1.1624,-1.0118,-1.19488
1BNIA,G,34,K,Forward,6.3,25.0,-3.12,nonALA,Turn,31,3.26,0.010000000000000009,0.815,0.0025000000000000022,4,-1.2282,-1.012,-1.27
1BNIA,G,34,N,Forward,6.3,25.0,-2.75,nonALA,Turn,31,1.4399999999999997,0.007000000000000006,0.35999999999999993,0.0017500000000000016,4,-1.1008,-1.0114,-1.12464
1BNIA,G,34,R,Forward,6.3,25.0,-2.42,nonALA,Turn,31,1.13,0.0040000000000000036,0.2825,0.0010000000000000009,4,-1.0791,-1.0108,-1.10008
1BNIA,G,34,S,Forward,6.3,25.0,-3.2,nonALA,Turn,31,1.1000000000000005,0.0050000000000000044,0.27500000000000013,0.0012500000000000011,4,-1.077,-1.0110000000000001,-1.0976000000000001
1BNIA,G,34,T,Forward,6.3,25.0,-3.37,nonALA,Turn,31,-0.33999999999999964,-0.0010000000000000009,-0.08499999999999991,-0.0002500000000000002,4,-0.9762000000000001,-1.0098,-0.9828800000000001
1BNIA,G,65,S,Forward,6.3,25.0,0.5,nonALA,None,62,1.32,-0.2350000000000001,0.22,-0.03916666666666668,6,-1.0924,-0.963,-1.1344
1BNIA,H,18,A,Forward,6.3,25.0,-1.85,ALA,Bend,15,0.16000000000000014,0.004999999999999893,0.16000000000000014,0.004999999999999893,1,-1.0112,-1.011,-1.0224
1BNIA,H,18,D,Forward,6.3,25.0,-2.56,nonALA,Bend,15,1.1400000000000001,0.05400000000000005,1.1400000000000001,0.05400000000000005,1,-1.0798,-1.0208,-1.09688
1BNIA,H,18,N,Forward,6.3,25.0,-1.68,nonALA,Bend,15,0.9100000000000001,0.04600000000000004,0.9100000000000001,0.04600000000000004,1,-1.0637,-1.0192,-1.07912
1BNIA,H,18,Q,Forward,6.3,25.0,-1.6,nonALA,Bend,15,0.8700000000000001,0.04299999999999993,0.8700000000000001,0.04299999999999993,1,-1.0609,-1.0186,-1.07616
1BNIA,H,18,R,Forward,6.3,25.0,-1.17,nonALA,Bend,15,0.5699999999999998,0.03299999999999992,0.5699999999999998,0.03299999999999992,1,-1.0399,-1.0166,-1.05296
1BNIA,H,18,S,Forward,6.3,25.0,-2.28,nonALA,Bend,15,0.9899999999999998,0.04800000000000004,0.9899999999999998,0.04800000000000004,1,-1.0693,-1.0196,-1.08536
1BNIA,I,109,A,Forward,6.3,25.0,-2.1,ALA,None,106,5.36,3.5709999999999997,1.7866666666666668,1.1903333333333332,3,-1.3752,-1.7242,-1.1531200000000001
1BNIA,I,25,A,Forward,6.3,25.0,-3.5,ALA,Strand,22,16.529999999999998,5.502,1.6529999999999998,0.5502,10,-2.1571,-2.1104000000000003,-1.89224
1BNIA,I,25,V,Forward,6.3,25.0,-1.1,nonALA,Strand,22,5.34,2.77,0.534,0.277,10,-1.3738000000000001,-1.564,-1.2156
1BNIA,I,4,A,Forward,6.3,25.0,-1.4,ALA,None,1,7.63,3.051,1.526,0.6102000000000001,5,-1.5341,-1.6202,-1.37632
1BNIA,I,4,V,Forward,6.3,25.0,-0.6,nonALA,None,1,0.21999999999999975,0.9360000000000002,0.04399999999999995,0.18720000000000003,5,-1.0154,-1.1972,-0.95272
1BNIA,I,51,A,Forward,6.3,25.0,-4.7,ALA,Strand,48,28.09,9.069,1.755625,0.5668125,16,-2.9663000000000004,-2.8238000000000003,-2.53168
1BNIA,I,55,A,Forward,6.3,25.0,-1.1,ALA,Strand,52,11.57,1.2159999999999997,1.6528571428571428,0.17371428571428568,7,-1.8099,-1.2532,-1.83832
1BNIA,I,55,G,Forward,6.3,25.0,-3.1,nonALA,Strand,52,12.849999999999998,1.2879999999999996,1.8357142857142854,0.18399999999999994,7,-1.8995,-1.2675999999999998,-1.9349599999999998
1BNIA,I,55,T,Forward,6.3,25.0,-0.6,nonALA,Strand,52,12.489999999999998,1.2999999999999996,1.784285714285714,0.18571428571428567,7,-1.8742999999999999,-1.27,-1.9052
1BNIA,I,55,V,Forward,6.3,25.0,-0.3,nonALA,Strand,52,3.540000000000001,0.4039999999999997,0.5057142857142859,0.05771428571428567,7,-1.2478,-1.0908,-1.2608800000000002
1BNIA,I,76,A,Forward,6.3,25.0,-1.9,ALA,None,73,22.189999999999998,8.904,1.7069230769230768,0.684923076923077,13,-2.5533,-2.7908,-2.0728799999999996
1BNIA,I,76,V,Forward,6.3,25.0,-0.8,nonALA,None,73,6.530000000000002,5.301,0.5023076923076925,0.4077692307692308,13,-1.4571,-2.0702,-1.1083200000000002
1BNIA,I,88,G,Forward,6.3,25.0,-7.4,nonALA,Strand,85,20.17,8.586999999999998,2.2411111111111115,0.9541111111111109,9,-2.4119,-2.7273999999999994,-1.9366400000000004
1BNIA,I,88,L,Forward,6.3,25.0,-0.3,nonALA,Strand,85,-3.290000000000001,-1.278,-0.36555555555555563,-0.14200000000000002,9,-0.7696999999999999,-0.7544,-0.8490399999999999
1BNIA,I,96,G,Forward,6.3,25.0,-5.7,nonALA,Strand,93,5.15,2.465,2.575,1.2325,2,-1.3605,-1.5030000000000001,-1.2248
1BNIA,K,108,R,Forward,6.3,25.0,0.9,nonALA,Strand,105,0.0,0.0,0.0,0.0,0,-1.0,-1.01,-1.01
1BNIA,K,66,A,Forward,6.3,25.0,0.2,ALA,None,63,-2.25,-0.0050000000000000044,-1.125,-0.0025000000000000022,2,-0.8425,-1.009,-0.8304
1BNIA,L,33,Q,Forward,6.3,25.0,-1.3,nonALA,Turn,30,11.900000000000002,2.078,2.3800000000000003,0.41559999999999997,5,-1.8330000000000002,-1.4256,-1.7957600000000002
1BNIA,L,89,G,Forward,6.3,25.0,-7.0,nonALA,Strand,86,13.15,3.3130000000000006,2.63,0.6626000000000001,5,-1.9205,-1.6726,-1.79696
1BNIA,L,89,T,Forward,6.3,25.0,-2.5,nonALA,Strand,86,12.49,3.3019999999999996,2.498,0.6603999999999999,5,-1.8743,-1.6703999999999999,-1.74504
1BNIA,L,95,G,Forward,6.3,25.0,-4.7,nonALA,None,92,0.0,0.0,0.0,0.0,0,-1.0,-1.01,-1.01
1BNIA,N,23,A,Forward,6.3,25.0,-2.2,ALA,Turn,20,-6.89,-0.7439999999999996,-0.7655555555555555,-0.08266666666666661,9,-0.5177,-0.8612000000000001,-0.51832
1BNIA,N,41,D,Forward,6.3,25.0,-2.5,nonALA,None,38,1.3300000000000003,0.02300000000000013,0.2216666666666667,0.0038333333333333552,6,-1.0931,-1.0146,-1.11456
1BNIA,N,58,A,Forward,6.3,25.0,-2.7,ALA,None,55,-5.4399999999999995,-0.776,-0.6044444444444443,-0.08622222222222223,9,-0.6192,-0.8548,-0.63688
1BNIA,N,58,D,Forward,6.3,25.0,0.5,nonALA,None,55,1.2400000000000002,-0.20000000000000018,0.1377777777777778,-0.02222222222222224,9,-1.0868,-0.97,-1.1252
1BNIA,N,5,A,Forward,6.3,25.0,-1.9,ALA,None,2,-5.13,-0.9159999999999996,-0.513,-0.09159999999999996,10,-0.6409,-0.8268000000000001,-0.6728799999999999
1BNIA,N,77,A,Forward,6.3,25.0,-1.6,ALA,Bend,74,-3.8000000000000003,-1.85,-0.47500000000000003,-0.23125,8,-0.734,-0.6399999999999999,-0.854
1BNIA,N,84,A,Forward,6.3,25.0,-2.0,ALA,None,81,-3.08,-1.0040000000000004,-0.44,-0.1434285714285715,7,-0.7844,-0.8091999999999999,-0.84392
1BNIA,Q,104,A,Forward,6.3,25.0,-0.2,ALA,Bend,101,-0.020000000000000018,-0.004999999999999893,-0.020000000000000018,-0.004999999999999893,1,-0.9986,-1.0090000000000001,-1.0088
1BNIA,Q,15,A,Forward,6.3,25.0,-0.2,ALA,Alpha Helix,12,-0.74,-0.04399999999999982,-0.37,-0.02199999999999991,2,-0.9482,-1.0012,-0.95432
1BNIA,Q,15,G,Forward,6.3,25.0,-1.6,nonALA,Alpha Helix,12,-0.22999999999999998,-0.013000000000000123,-0.11499999999999999,-0.006500000000000061,2,-0.9839,-1.0074,-0.99264
1BNIA,Q,15,I,Forward,6.3,25.0,1.0,nonALA,Alpha Helix,12,-4.5,-1.9889999999999999,-2.25,-0.9944999999999999,2,-0.6849999999999999,-0.6122000000000001,-0.8091200000000001
1BNIA,Q,31,A,Forward,6.3,25.0,0.1,ALA,Alpha Helix,28,-4.12,-0.06500000000000003,-0.5885714285714286,-0.00928571428571429,7,-0.7116,-0.997,-0.6856
1BNIA,Q,31,G,Forward,6.3,25.0,-0.98,nonALA,Alpha Helix,28,-1.9900000000000007,-0.010000000000000009,-0.28428571428571436,-0.0014285714285714299,7,-0.8606999999999999,-1.008,-0.8515999999999999
1BNIA,R,110,A,Forward,6.3,25.0,-0.4,ALA,None,107,-0.3899999999999999,-0.025000000000000133,-0.12999999999999998,-0.008333333333333378,3,-0.9727,-1.005,-0.9808
1BNIA,R,69,K,Forward,6.3,25.0,-3.13,nonALA,None,66,2.79,0.02300000000000002,0.558,0.004600000000000004,5,-1.1953,-1.0146,-1.23136
1BNIA,R,69,S,Forward,6.3,25.0,-2.72,nonALA,None,66,3.3306690738754696e-16,0.007000000000000006,6.661338147750939e-17,0.0014000000000000013,5,-1.0,-1.0114,-1.0094400000000001
1BNIA,R,72,G,Forward,6.3,25.0,-2.5,nonALA,Strand,69,-1.3699999999999997,0.001000000000000112,-0.12454545454545451,9.090909090910108e-05,11,-0.9041,-1.0102,-0.90032
1BNIA,R,83,K,Forward,6.3,25.0,-4.13,nonALA,None,80,5.880000000000002,0.07999999999999999,0.5880000000000002,0.007999999999999998,10,-1.4116000000000002,-1.026,-1.4740000000000002
1BNIA,S,28,A,Forward,6.3,25.0,0.41,ALA,Alpha Helix,25,-2.170000000000001,-0.038999999999999924,-0.5425000000000002,-0.009749999999999981,4,-0.8481,-1.0022,-0.8395199999999999
1BNIA,S,28,E,Forward,6.3,25.0,0.4,nonALA,Alpha Helix,25,1.5099999999999998,0.012999999999999678,0.37749999999999995,0.0032499999999999196,4,-1.1057,-1.0126,-1.12976
1BNIA,S,28,G,Forward,6.3,25.0,-0.45,nonALA,Alpha Helix,25,-0.6700000000000006,-0.0010000000000000009,-0.16750000000000015,-0.0002500000000000002,4,-0.9531,-1.0098,-0.95648
1BNIA,S,85,A,Forward,6.3,25.0,-0.12,ALA,Bend,82,-2.8000000000000003,-0.33399999999999985,-0.4,-0.047714285714285695,7,-0.8039999999999999,-0.9432,-0.81272
1BNIA,T,100,G,Forward,6.3,25.0,-2.8,nonALA,Bend,97,0.9200000000000002,0.03900000000000037,0.18400000000000002,0.007800000000000073,5,-1.0644,-1.0178,-1.08048
1BNIA,T,105,V,Forward,6.3,25.0,-2.2,nonALA,None,102,-1.1800000000000002,0.006000000000000005,-1.1800000000000002,0.006000000000000005,1,-0.9174,-1.0112,-0.9151199999999999
1BNIA,T,16,A,Forward,6.3,25.0,-0.27,ALA,Alpha Helix,13,0.0,0.0,0.0,0.0,0,-1.0,-1.01,-1.01
1BNIA,T,16,G,Forward,6.3,25.0,-1.66,nonALA,Alpha Helix,13,0.0,0.0,0.0,0.0,0,-1.0,-1.01,-1.01
1BNIA,T,26,D,Forward,6.3,25.0,-0.08,nonALA,None,23,5.16,0.36200000000000043,0.5733333333333334,0.04022222222222227,9,-1.3612,-1.0824,-1.39384
1BNIA,T,79,V,Forward,6.3,25.0,0.3,nonALA,None,76,-7.41,-0.2970000000000004,-1.235,-0.049500000000000065,6,-0.48129999999999995,-0.9505999999999999,-0.44096
1BNIA,T,99,V,Forward,6.3,25.0,-2.7,nonALA,Strand,96,-2.9399999999999995,-1.6400000000000001,-0.9799999999999999,-0.5466666666666667,3,-0.7942,-0.6819999999999999,-0.906
1BNIA,V,10,A,Forward,6.3,25.0,-3.4,ALA,Alpha Helix,7,4.229999999999999,1.4129999999999998,1.4099999999999995,0.4709999999999999,3,-1.2961,-1.2926,-1.23536
1BNIA,V,10,T,Forward,6.3,25.0,-2.5,nonALA,Alpha Helix,7,5.15,1.478,1.7166666666666668,0.49266666666666664,3,-1.3605,-1.3056,-1.30376
1BNIA,V,36,A,Forward,6.3,25.0,-1.3,ALA,None,33,2.5,0.07400000000000004,1.25,0.03700000000000002,2,-1.175,-1.0248,-1.20408
1BNIA,V,36,T,Forward,6.3,25.0,-1.1,nonALA,None,33,2.89,0.08000000000000004,1.445,0.04000000000000002,2,-1.2023000000000001,-1.026,-1.2348
1BNIA,V,45,A,Forward,6.3,25.0,-1.8,ALA,Alpha Helix,42,9.66,0.547,1.2075,0.068375,8,-1.6762000000000001,-1.1194,-1.7390400000000001
1BNIA,V,45,T,Forward,6.3,25.0,-2.4,nonALA,Alpha Helix,42,12.390000000000002,0.6519999999999999,1.5487500000000003,0.08149999999999999,8,-1.8673000000000002,-1.1404,-1.9490400000000003
1BNIA,Y,103,F,Forward,6.3,25.0,0.0,nonALA,Bend,100,-3.5399999999999996,-0.18200000000000016,-0.8849999999999999,-0.04550000000000004,4,-0.7522,-0.9736,-0.74136
1BNIA,Y,13,F,Forward,6.3,25.0,-0.41,nonALA,Alpha Helix,10,0.0,0.0,0.0,0.0,0,-1.0,-1.01,-1.01
1BNIA,Y,13,G,Forward,6.3,25.0,-6.4,nonALA,Alpha Helix,10,0.0,0.0,0.0,0.0,0,-1.0,-1.01,-1.01
1BNIA,Y,17,F,Forward,6.3,25.0,-0.3,nonALA,Alpha Helix,14,0.0,0.0,0.0,0.0,0,-1.0,-1.01,-1.01
1BNIA,Y,17,S,Forward,6.3,25.0,-2.57,nonALA,Alpha Helix,14,0.0,0.0,0.0,0.0,0,-1.0,-1.01,-1.01
1BNIA,Y,24,F,Forward,6.3,25.0,0.0,nonALA,Strand,21,-9.69,-6.717,-1.0766666666666667,-0.7463333333333333,9,-0.3217,0.3333999999999999,-0.77216
1BNIA,Y,97,G,Forward,6.3,25.0,-6.6,nonALA,Strand,94,2.5599999999999996,0.22899999999999998,1.2799999999999998,0.11449999999999999,2,-1.1792,-1.0558,-1.19648
1C5GA,E,350,P,Forward,6.6,50.2,0.3,nonALA,,326,-1.1499999999999997,-0.016000000000000014,-0.22999999999999993,-0.0032000000000000028,5,-0.9195,-1.0068,-0.91928
1C5GA,E,350,R,Forward,6.6,50.2,-0.3,nonALA,,326,-0.16999999999999993,-0.008000000000000007,-0.03399999999999999,-0.0016000000000000014,5,-0.9881,-1.0084,-0.99704
1C9OA,L,66,A,Forward,7.0,70.0,-0.07,ALA,,65,8.580000000000002,2.166,2.1450000000000005,0.5415,4,-1.6006,-1.4432,-1.52312
1CDCB,A,40,G,Forward,7.0,25.0,1.71,nonALA,Strand,36,2.96,0.06900000000000012,0.4228571428571429,0.009857142857142873,7,-1.2072,-1.0238,-1.24128
1CDCB,I,18,V,Forward,7.0,25.0,1.17,nonALA,None,14,0.6000000000000001,0.009000000000000001,0.6000000000000001,0.009000000000000001,1,-1.042,-1.0118,-1.05728
1CDCB,I,57,V,Forward,7.0,25.0,0.43,nonALA,Strand,53,1.0799999999999992,0.048,0.5399999999999996,0.024,2,-1.0756,-1.0196,-1.09256
1CDCB,L,16,V,Forward,7.0,25.0,2.2,nonALA,Strand,12,0.9600000000000009,0.097,0.9600000000000009,0.097,1,-1.0672000000000001,-1.0294,-1.07904
1CDCB,L,50,V,Forward,7.0,25.0,-0.37,nonALA,Isolated beta-bridge,46,5.430000000000001,1.2160000000000002,0.9050000000000001,0.2026666666666667,6,-1.3801,-1.2532,-1.34712
1CDCB,L,89,V,Forward,7.0,25.0,0.14,nonALA,Strand,85,2.8000000000000016,0.324,0.9333333333333339,0.108,3,-1.1960000000000002,-1.0748,-1.2080800000000003
1CDCB,L,95,V,Forward,7.0,25.0,0.75,nonALA,Strand,91,4.5,0.32099999999999995,0.9,0.0642,5,-1.315,-1.0742,-1.34432
1CDCB,V,30,A,Forward,7.0,25.0,4.88,ALA,Strand,26,6.61,0.706,1.322,0.1412,5,-1.4627000000000001,-1.1512,-1.48232
1CDCB,V,78,A,Forward,7.0,25.0,3.01,ALA,Strand,74,6.420000000000001,0.6679999999999999,1.2840000000000003,0.1336,5,-1.4494,-1.1436,-1.4701600000000001
1CLWA,E,309,V,Forward,7.4,88.4,-2.3,nonALA,Strand,196,-5.05,-0.012,-1.6833333333333333,-0.004,3,-0.6465,-1.0076,-0.6069599999999999
1CLWA,G,177,R,Forward,7.4,88.4,-2.1,nonALA,Strand,64,0.53,0.0010000000000000009,0.17666666666666667,0.00033333333333333365,3,-1.0371,-1.0102,-1.05232
1CLWA,G,244,R,Forward,7.4,88.4,-4.0,nonALA,Turn,131,0.0,0.0,0.0,0.0,0,-1.0,-1.01,-1.01
1CLWA,G,323,D,Forward,7.4,88.4,-0.4,nonALA,Bend,210,3.1800000000000006,0.04099999999999997,0.5300000000000001,0.0068333333333333275,6,-1.2226000000000001,-1.0182,-1.26112
1CLWA,R,285,K,Forward,7.4,88.4,-10.3,nonALA,Strand,172,2.13,0.0029999999999999957,0.5325,0.0007499999999999989,4,-1.1491,-1.0106,-1.1801599999999999
1CLWA,R,382,S,Forward,7.4,88.4,-17.4,nonALA,Strand,269,-0.10999999999999988,-0.0020000000000000018,-0.021999999999999974,-0.00040000000000000034,5,-0.9923,-1.0096,-1.00136
1CLWA,T,235,I,Forward,7.4,88.4,-1.6,nonALA,None,122,-12.049999999999999,-0.48800000000000004,-1.7214285714285713,-0.06971428571428571,7,-0.15649999999999997,-0.9124,-0.08504
1FC1A,D,399,A,Forward,7.4,20.0,-0.7,ALA,None,161,0.0,0.0,0.0,0.0,0,-1.0,-1.01,-1.01
1FC1A,F,405,A,Forward,7.4,20.0,-2.5,ALA,Strand,167,4.44,0.09499999999999995,2.22,0.04749999999999997,2,-1.3108,-1.029,-1.3576000000000001
1FC1A,K,370,A,Forward,7.4,20.0,-1.1,ALA,Strand,132,-3.6799999999999993,-0.03900000000000001,-0.7359999999999999,-0.007800000000000001,5,-0.7424,-1.0022,-0.71872
1FC1A,K,392,A,Forward,7.4,20.0,-0.4,ALA,Strand,154,-5.459999999999999,-0.133,-1.0919999999999999,-0.026600000000000002,5,-0.6178,-0.9834,-0.5838400000000001
1FC1A,K,409,A,Forward,7.4,20.0,-2.4,ALA,Strand,171,-4.6,-0.030000000000000027,-0.9199999999999999,-0.006000000000000005,5,-0.6779999999999999,-1.004,-0.6444000000000001
1FC1A,L,351,A,Forward,7.4,20.0,-1.3,ALA,Strand,113,18.05,1.3050000000000002,2.25625,0.16312500000000002,8,-2.2635,-1.2710000000000001,-2.3496
1FC1A,L,368,A,Forward,7.4,20.0,-2.2,ALA,Strand,130,11.379999999999999,0.8750000000000001,2.276,0.17500000000000002,5,-1.7966,-1.185,-1.8504
1FC1A,L,398,A,Forward,7.4,20.0,-0.1,ALA,Strand,160,0.0,0.0,0.0,0.0,0,-1.0,-1.01,-1.01
1FC1A,P,395,A,Forward,7.4,20.0,-3.2,ALA,None,157,-1.4399999999999995,-0.027999999999999997,-0.4799999999999998,-0.009333333333333332,3,-0.8992,-1.0044,-0.8970400000000001
1FC1A,Q,347,A,Forward,7.4,20.0,-1.1,ALA,Strand,109,-3.7,-0.16899999999999998,-0.5285714285714286,-0.02414285714285714,7,-0.7409999999999999,-0.9762,-0.72752
1FC1A,T,350,A,Forward,7.4,20.0,-0.1,ALA,Strand,112,-4.22,-0.03600000000000001,-0.3516666666666666,-0.003000000000000001,12,-0.7046,-1.0028,-0.67528
1FC1A,T,366,A,Forward,7.4,20.0,-2.3,ALA,Strand,128,-1.8399999999999999,-0.03999999999999999,-0.30666666666666664,-0.0066666666666666645,6,-0.8712,-1.002,-0.866
1FC1A,T,394,A,Forward,7.4,20.0,-0.6,ALA,None,156,-1.5500000000000003,-0.12799999999999997,-0.31000000000000005,-0.025599999999999994,5,-0.8915,-0.9844,-0.8962399999999999
1FC1A,V,397,A,Forward,7.4,20.0,-0.6,ALA,Strand,159,1.4500000000000002,0.07800000000000001,1.4500000000000002,0.07800000000000001,1,-1.1015,-1.0256,-1.11976
1FC1A,Y,349,A,Forward,7.4,20.0,-0.7,ALA,Strand,111,7.809999999999999,0.139,0.8677777777777776,0.015444444444444446,9,-1.5467,-1.0378,-1.6236799999999998
1FC1A,Y,407,A,Forward,7.4,20.0,-2.1,ALA,Strand,169,4.99,0.01900000000000001,0.998,0.003800000000000002,5,-1.3493,-1.0138,-1.40768
1FLVA,A,101,L,Forward,7.0,44.15,-0.53,nonALA,Alpha Helix,99,-26.15,-2.322,-1.8678571428571427,-0.16585714285714287,14,0.8305,-0.5456,0.8962399999999999
1FLVA,A,101,V,Forward,7.0,44.15,-0.69,nonALA,Alpha Helix,99,-17.380000000000003,-0.9489999999999995,-1.2414285714285715,-0.06778571428571425,14,0.21660000000000035,-0.8202,0.3044800000000003
1FLVA,G,87,A,Forward,7.0,44.15,-0.09,ALA,Strand,85,-0.4299999999999988,0.643,-0.042999999999999886,0.0643,10,-0.9699000000000001,-1.1386,-0.9241600000000001
1FLVA,G,87,L,Forward,7.0,44.15,-0.21,nonALA,Strand,85,-21.709999999999997,0.538,-2.171,0.0538,10,0.5197,-1.1176,0.7698399999999999
1FLVA,G,87,V,Forward,7.0,44.15,0.12,nonALA,Strand,85,-12.68,1.1010000000000002,-1.268,0.11010000000000002,10,-0.11239999999999994,-1.2302,0.09248000000000012
1FTGA,A,101,V,Forward,7.0,43.25,0.16,nonALA,Alpha Helix,99,-14.69,-2.513,-1.2241666666666666,-0.20941666666666667,12,0.028299999999999992,-0.5074,-0.03583999999999998
1FTGA,D,75,K,Forward,7.0,43.25,0.4,nonALA,3-10 Helix,73,0.0,0.0,0.0,0.0,0,-1.0,-1.01,-1.01
1FTGA,E,107,A,Forward,7.0,43.25,0.15,ALA,Alpha Helix,105,-1.2100000000000002,-0.029999999999999805,-1.2100000000000002,-0.029999999999999805,1,-0.9153,-1.004,-0.9156
1FTGA,E,20,K,Forward,7.0,43.25,0.27,nonALA,Alpha Helix,18,0.21999999999999975,0.008000000000000007,0.21999999999999975,0.008000000000000007,1,-1.0154,-1.0116,-1.02696
1FTGA,E,40,K,Forward,7.0,43.25,0.17,nonALA,None,38,0.0,0.0,0.0,0.0,0,-1.0,-1.01,-1.01
1FTGA,E,72,K,Forward,7.0,43.25,0.33,nonALA,Turn,70,0.0,0.0,0.0,0.0,0,-1.0,-1.01,-1.01
1FTGA,G,68,A,Forward,7.0,43.25,0.38,ALA,Alpha Helix,66,0.0,0.0,0.0,0.0,0,-1.0,-1.01,-1.01
1FTGA,I,21,A,Forward,7.0,43.25,-0.02,ALA,Alpha Helix,19,3.4299999999999997,0.92,1.7149999999999999,0.46,2,-1.2401,-1.194,-1.2107999999999999
1FTGA,I,21,G,Forward,7.0,43.25,0.17,nonALA,Alpha Helix,19,4.34,1.0099999999999998,2.17,0.5049999999999999,2,-1.3038,-1.212,-1.2764
1FTGA,L,50,A,Forward,7.0,43.25,0.02,ALA,Strand,48,4.5,0.27500000000000013,2.25,0.13750000000000007,2,-1.315,-1.065,-1.3479999999999999
1FTGA,Q,111,G,Forward,7.0,43.25,0.22,nonALA,Alpha Helix,109,-0.03000000000000025,-0.0029999999999998916,-0.03000000000000025,-0.0029999999999998916,1,-0.9979,-1.0094,-1.00784
1FTGA,Q,99,A,Forward,7.0,43.25,0.43,ALA,Turn,97,-8.579999999999998,-0.20699999999999996,-0.6128571428571428,-0.014785714285714282,14,-0.3994000000000001,-0.9686,-0.34016000000000024
1FTGA,V,18,I,Forward,7.0,43.25,0.19,nonALA,Alpha Helix,16,-1.0600000000000005,-0.4740000000000002,-0.5300000000000002,-0.2370000000000001,2,-0.9258,-0.9152,-0.96312
1FTGA,V,83,I,Forward,7.0,43.25,0.05,nonALA,Strand,81,-5.4,1.469,-0.54,0.1469,10,-0.6219999999999999,-1.3038,-0.4604799999999999
1HFYA,T,29,I,Forward,7.0,25.0,1.37,nonALA,Alpha Helix,28,-29.150000000000002,-5.766999999999999,-2.2423076923076923,-0.4436153846153845,13,1.0405000000000002,0.14339999999999975,0.8606400000000003
1HFYA,T,29,V,Forward,7.0,25.0,1.86,nonALA,Alpha Helix,28,-22.080000000000002,-4.790000000000001,-1.6984615384615387,-0.3684615384615385,13,0.5456000000000003,-0.051999999999999824,0.3732
1IGVA,D,19,N,Forward,7.0,25.0,0.74,nonALA,None,18,-0.4000000000000006,-0.007000000000000006,-0.08000000000000011,-0.0014000000000000013,5,-0.972,-1.0086,-0.97856
1IGVA,E,26,Q,Forward,7.0,25.0,0.09,nonALA,Alpha Helix,25,-1.3000000000000007,-0.03199999999999997,-0.21666666666666679,-0.005333333333333329,6,-0.9089999999999999,-1.0036,-0.9085599999999999
1IROA,I,33,L,Forward,9.08,107.0,0.76,nonALA,Bend,32,-1.69,-0.6739999999999999,-0.33799999999999997,-0.13479999999999998,5,-0.8817,-0.8752,-0.92872
1IROA,V,24,I,Forward,9.08,107.0,0.36,nonALA,Isolated beta-bridge,23,-5.41,-0.09600000000000009,-0.541,-0.009600000000000008,10,-0.6213,-0.9908,-0.5848800000000001
1KFWA,G,253,P,Forward,7.5,16.0,-0.65,nonALA,Turn,243,0.8500000000000003,-0.0040000000000000036,0.14166666666666672,-0.0006666666666666673,6,-1.0595,-1.0092,-1.07832
1KFWA,G,92,P,Forward,7.5,16.0,0.5,nonALA,None,82,0.4800000000000002,-0.0020000000000000087,0.09600000000000004,-0.00040000000000000175,5,-1.0336,-1.0096,-1.04856
1L63A,A,129,M,Forward,5.4,65.3,-1.9,nonALA,Alpha Helix,128,-1.29,-0.29900000000000004,-1.29,-0.29900000000000004,1,-0.9097,-0.9502,-0.93072
1L63A,F,104,A,Forward,5.4,65.3,-2.7,ALA,Alpha Helix,103,20.169999999999998,2.2489999999999997,2.017,0.22489999999999996,10,-2.4119,-1.4598,-2.44368
1L63A,F,104,M,Forward,5.4,65.3,-0.4,nonALA,Alpha Helix,103,7.759999999999997,1.0090000000000003,0.7759999999999997,0.10090000000000003,10,-1.5432,-1.2118000000000002,-1.55008
1L63A,F,153,A,Forward,5.4,65.3,-3.4,ALA,Alpha Helix,152,14.53,11.902999999999999,1.6144444444444443,1.3225555555555555,9,-2.0171,-3.3906,-1.2201600000000001
1L63A,I,100,A,Forward,5.4,65.3,-2.5,ALA,Alpha Helix,99,18.930000000000003,0.7050000000000002,1.8930000000000002,0.07050000000000002,10,-2.3251000000000004,-1.151,-2.468
1L63A,I,100,M,Forward,5.4,65.3,-1.6,nonALA,Alpha Helix,99,4.2299999999999995,0.5609999999999998,0.47,0.06233333333333332,9,-1.2961,-1.1221999999999999,-1.30352
1L63A,I,17,A,Forward,5.4,65.3,-2.3,ALA,Strand,16,5.6899999999999995,1.092,1.8966666666666665,0.36400000000000005,3,-1.3982999999999999,-1.2284000000000002,-1.37784
1L63A,I,17,M,Forward,5.4,65.3,-2.2,nonALA,Strand,16,1.7999999999999998,0.27,0.6,0.09000000000000001,3,-1.126,-1.064,-1.1324
1L63A,I,27,M,Forward,5.4,65.3,-3.1,nonALA,Strand,26,1.2400000000000002,-0.015,0.6200000000000001,-0.0075,2,-1.0868,-1.0070000000000001,-1.1104
1L63A,I,50,A,Forward,5.4,65.3,-1.6,ALA,Alpha Helix,49,3.89,0.7949999999999999,1.945,0.39749999999999996,2,-1.2723,-1.169,-1.2576
1L63A,I,50,M,Forward,5.4,65.3,-0.4,nonALA,Alpha Helix,49,1.0099999999999998,0.2849999999999999,0.5049999999999999,0.14249999999999996,2,-1.0707,-1.067,-1.068
1L63A,I,78,A,Forward,5.4,65.3,-1.2,ALA,Alpha Helix,77,27.869999999999997,5.4319999999999995,1.8579999999999999,0.3621333333333333,15,-2.9509,-2.0964,-2.80504
1L63A,L,118,A,Forward,5.4,65.3,-3.2,ALA,Alpha Helix,117,13.44,1.495,2.2399999999999998,0.24916666666666668,6,-1.9408,-1.3090000000000002,-1.9656
1L63A,L,121,A,Forward,5.4,65.3,-2.2,ALA,Alpha Helix,120,6.8100000000000005,1.7269999999999999,2.27,0.5756666666666667,3,-1.4767000000000001,-1.3554,-1.4166400000000001
1L63A,L,33,A,Forward,5.4,65.3,-2.9,ALA,Strand,32,9.200000000000001,0.11099999999999999,1.5333333333333334,0.0185,6,-1.6440000000000001,-1.0322,-1.73712
1L63A,L,33,M,Forward,5.4,65.3,-2.0,nonALA,Strand,32,3.1500000000000012,0.03799999999999998,0.5250000000000002,0.00633333333333333,6,-1.2205000000000001,-1.0176,-1.25896
1L63A,L,66,A,Forward,5.4,65.3,-3.3,ALA,Alpha Helix,65,27.330000000000005,2.058,2.1023076923076927,0.1583076923076923,13,-2.9131000000000005,-1.4216,-3.0317600000000002
1L63A,L,66,M,Forward,5.4,65.3,-1.0,nonALA,Alpha Helix,65,11.060000000000002,1.168,0.8507692307692309,0.08984615384615384,13,-1.7742000000000002,-1.2436,-1.8013600000000003
1L63A,L,7,A,Forward,5.4,65.3,-2.3,ALA,Alpha Helix,6,12.61,1.1970000000000003,2.1016666666666666,0.19950000000000004,6,-1.8827,-1.2494,-1.9230399999999999
1L63A,L,84,A,Forward,5.4,65.3,-3.7,ALA,Alpha Helix,83,33.31,7.15,2.220666666666667,0.4766666666666667,15,-3.3317000000000005,-2.4400000000000004,-3.1028000000000002
1L63A,L,91,A,Forward,5.4,65.3,-2.6,ALA,Bend,90,24.320000000000004,2.4079999999999995,2.2109090909090914,0.21890909090909086,11,-2.7024000000000004,-1.4916,-2.7629600000000005
1L63A,L,99,A,Forward,5.4,65.3,-4.1,ALA,Alpha Helix,98,23.610000000000003,4.656000000000001,2.361,0.46560000000000007,10,-2.6527000000000003,-1.9412000000000003,-2.52632
1L63A,M,102,A,Forward,5.4,65.3,-2.9,ALA,Alpha Helix,101,11.469999999999999,1.411,1.2744444444444443,0.1567777777777778,9,-1.8029,-1.2922,-1.8147199999999999
1L63A,M,106,A,Forward,5.4,65.3,-1.9,ALA,Alpha Helix,105,12.32,1.3820000000000001,1.3688888888888888,0.15355555555555556,9,-1.8624,-1.2864,-1.88504
1L63A,M,6,A,Forward,5.4,65.3,-1.6,ALA,Alpha Helix,5,8.21,0.999,1.3683333333333334,0.1665,6,-1.5747,-1.2098,-1.58688
1L63A,V,103,A,Forward,5.4,65.3,-1.6,ALA,Alpha Helix,102,15.279999999999998,0.8350000000000001,1.2733333333333332,0.06958333333333334,12,-2.0696,-1.177,-2.1655999999999995
1L63A,V,111,A,Forward,5.4,65.3,-1.0,ALA,Alpha Helix,110,16.01,-0.10500000000000002,1.3341666666666667,-0.008750000000000003,12,-2.1207000000000003,-0.989,-2.2992
1L63A,V,111,M,Forward,5.4,65.3,-0.7,nonALA,Alpha Helix,110,-0.4799999999999991,0.021999999999999922,-0.039999999999999925,0.0018333333333333268,12,-0.9664,-1.0144,-0.96984
1L63A,V,149,A,Forward,5.4,65.3,-3.2,ALA,Alpha Helix,148,12.610000000000001,4.6290000000000004,1.2610000000000001,0.46290000000000003,10,-1.8827000000000003,-1.9358000000000002,-1.6484800000000002
1L63A,V,149,M,Forward,5.4,65.3,-2.8,nonALA,Alpha Helix,148,-0.16000000000000014,0.04500000000000004,-0.016000000000000014,0.004500000000000004,10,-0.9888,-1.0190000000000001,-0.9936
1L63A,V,87,A,Forward,5.4,65.3,-1.5,ALA,Alpha Helix,86,15.690000000000001,2.017,1.3075,0.16808333333333333,12,-2.0983,-1.4134,-2.10384
1L63A,V,87,M,Forward,5.4,65.3,-2.3,nonALA,Alpha Helix,86,-0.029999999999998472,0.054999999999999966,-0.0024999999999998725,0.004583333333333331,12,-0.9979000000000001,-1.021,-1.0032
1N0JA,Q,143,N,Forward,7.8,70.0,2.79,nonALA,Turn,142,0.44999999999999907,0.13599999999999945,0.03749999999999992,0.011333333333333287,12,-1.0314999999999999,-1.0372,-1.03512
1N0JA,Y,34,F,Forward,7.8,70.0,12.7,nonALA,Alpha Helix,33,-9.619999999999997,-2.5519999999999996,-0.9619999999999997,-0.2552,10,-0.3266000000000001,-0.49960000000000004,-0.4445600000000002
1PGAA,A,23,P,Forward,5.5,25.0,-0.3,nonALA,Alpha Helix,22,2.13,0.06599999999999995,0.30428571428571427,0.009428571428571422,7,-1.1491,-1.0232,-1.17512
1PGAA,A,24,P,Forward,5.5,25.0,-0.5,nonALA,Alpha Helix,23,1.7500000000000007,0.038000000000000034,0.5833333333333336,0.012666666666666678,3,-1.1225,-1.0176,-1.14696
1PGAA,A,48,P,Forward,5.5,25.0,-0.7,nonALA,Turn,47,0.41999999999999993,0.0010000000000000009,0.41999999999999993,0.0010000000000000009,1,-1.0294,-1.0102,-1.04352
1PGAA,D,36,P,Forward,5.5,25.0,-3.1,nonALA,Alpha Helix,35,0.43999999999999995,-0.0050000000000000044,0.21999999999999997,-0.0025000000000000022,2,-1.0308,-1.009,-1.0456
1PGAA,G,9,P,Forward,5.5,25.0,-2.4,nonALA,None,8,1.6300000000000006,0.020999999999999908,0.20375000000000007,0.0026249999999999885,8,-1.1141,-1.0142,-1.1387200000000002
1PGAA,I,6,N,Forward,5.2,25.0,2.07,nonALA,Strand,5,9.900000000000002,-0.08700000000000041,1.9800000000000004,-0.017400000000000082,5,-1.693,-0.9925999999999999,-1.8089600000000001
1PGAA,I,6,N,Forward,5.2,63.0,1.82,nonALA,Strand,5,9.900000000000002,-0.08700000000000041,1.9800000000000004,-0.017400000000000082,5,-1.693,-0.9925999999999999,-1.8089600000000001
1PGAA,I,6,T,Forward,5.2,25.0,2.0,nonALA,Strand,5,8.75,-0.07900000000000018,1.75,-0.015800000000000036,5,-1.6125,-0.9942,-1.71632
1PGAA,I,6,T,Forward,5.2,63.0,1.76,nonALA,Strand,5,8.75,-0.07900000000000018,1.75,-0.015800000000000036,5,-1.6125,-0.9942,-1.71632
1PGAA,K,10,P,Forward,5.5,25.0,-0.2,nonALA,Bend,9,-0.8799999999999994,0.34399999999999986,-0.29333333333333317,0.11466666666666663,3,-0.9384,-1.0788,-0.91208
1PGAA,T,25,P,Forward,5.5,25.0,-2.8,nonALA,Alpha Helix,24,0.6000000000000005,0.017000000000000015,0.15000000000000013,0.004250000000000004,4,-1.042,-1.0134,-1.05664
1PGAA,T,2,P,Forward,5.5,25.0,-2.7,nonALA,Strand,1,1.9800000000000006,0.046999999999999265,0.282857142857143,0.006714285714285609,7,-1.1386,-1.0193999999999999,-1.1646400000000001
1PGAA,T,53,F,Forward,5.2,25.0,4.61,nonALA,Strand,52,-11.25,-2.0540000000000003,-2.25,-0.41080000000000005,5,-0.2124999999999999,-0.5992,-0.27432
1PGAA,T,53,F,Forward,5.2,63.0,4.1,nonALA,Strand,52,-11.25,-2.0540000000000003,-2.25,-0.41080000000000005,5,-0.2124999999999999,-0.5992,-0.27432
1PGAA,T,53,I,Forward,5.2,25.0,3.3,nonALA,Strand,52,-9.61,-0.2340000000000002,-1.922,-0.04680000000000004,5,-0.3272999999999999,-0.9632,-0.25992000000000004
1PGAA,T,53,I,Forward,5.2,63.0,3.81,nonALA,Strand,52,-9.61,-0.2340000000000002,-1.922,-0.04680000000000004,5,-0.3272999999999999,-0.9632,-0.25992000000000004
1PGAA,T,53,V,Forward,5.2,25.0,2.8,nonALA,Strand,52,-6.52,-0.18899999999999983,-1.3039999999999998,-0.037799999999999966,5,-0.5436,-0.9722000000000001,-0.5035200000000001
1PGAA,T,53,V,Forward,5.2,63.0,3.38,nonALA,Strand,52,-6.52,-0.18899999999999983,-1.3039999999999998,-0.037799999999999966,5,-0.5436,-0.9722000000000001,-0.5035200000000001
1PGAA,T,53,Y,Forward,5.2,25.0,4.1,nonALA,Strand,52,-5.5,0.06999999999999962,-1.1,0.013999999999999924,5,-0.615,-1.024,-0.5644
1PGAA,T,53,Y,Forward,5.2,63.0,4.29,nonALA,Strand,52,-5.5,0.06999999999999962,-1.1,0.013999999999999924,5,-0.615,-1.024,-0.5644
1PGAA,V,21,P,Forward,5.5,25.0,0.5,nonALA,Bend,20,7.0,0.5609999999999998,1.75,0.14024999999999996,4,-1.49,-1.1221999999999999,-1.52512
1PGAA,V,29,P,Forward,5.5,25.0,-3.5,nonALA,Alpha Helix,28,9.15,0.31999999999999973,1.83,0.06399999999999995,5,-1.6405,-1.0739999999999998,-1.7164000000000001
1PINA,A,31,G,Forward,7.0,40.0,-1.49,nonALA,None,25,1.3699999999999992,0.1370000000000001,0.27399999999999985,0.027400000000000018,5,-1.0958999999999999,-1.0374,-1.1086399999999998
1PINA,E,12,A,Forward,7.0,40.0,-0.48,ALA,Strand,6,0.0,0.0,0.0,0.0,0,-1.0,-1.01,-1.01
1PINA,E,35,A,Forward,7.0,40.0,-0.73,ALA,Bend,29,-0.5699999999999998,-0.004999999999999977,-0.5699999999999998,-0.004999999999999977,1,-0.9601,-1.0090000000000001,-0.9648
1PINA,F,25,A,Forward,7.0,40.0,-2.14,ALA,Strand,19,0.0,0.0,0.0,0.0,0,-1.0,-1.01,-1.01
1PINA,F,25,L,Forward,7.0,40.0,-1.37,nonALA,Strand,19,0.0,0.0,0.0,0.0,0,-1.0,-1.01,-1.01
1PINA,F,25,Y,Forward,7.0,40.0,0.22,nonALA,Strand,19,0.0,0.0,0.0,0.0,0,-1.0,-1.01,-1.01
1PINA,G,10,A,Forward,7.0,40.0,-0.85,ALA,Turn,4,-1.8100000000000005,-0.08600000000000019,-0.3620000000000001,-0.017200000000000038,5,-0.8733,-0.9928,-0.87208
1PINA,G,20,A,Forward,7.0,40.0,-0.86,ALA,None,14,0.0,0.0,0.0,0.0,0,-1.0,-1.01,-1.01
1PINA,H,27,A,Forward,7.0,40.0,-0.12,ALA,Turn,21,-0.25,-0.004999999999999893,-0.08333333333333333,-0.0016666666666666312,3,-0.9825,-1.0090000000000001,-0.9904
1PINA,H,27,G,Forward,7.0,40.0,-0.68,nonALA,Turn,21,0.3899999999999997,0.0039999999999998925,0.1299999999999999,0.0013333333333332975,3,-1.0272999999999999,-1.0108,-1.04088
1PINA,I,28,A,Forward,7.0,40.0,-0.36,ALA,Turn,22,17.279999999999998,8.830000000000002,1.7279999999999998,0.8830000000000002,10,-2.2096,-2.7760000000000007,-1.6859999999999997
1PINA,I,28,G,Forward,7.0,40.0,-0.48,nonALA,Turn,22,20.39,9.507000000000001,2.039,0.9507000000000001,10,-2.4273000000000002,-2.9114000000000004,-1.88064
1PINA,K,13,A,Forward,7.0,40.0,-0.02,ALA,Strand,7,-1.2400000000000002,-0.01200000000000001,-1.2400000000000002,-0.01200000000000001,1,-0.9132,-1.0076,-0.91176
1PINA,K,6,A,Forward,7.0,40.0,0.15,ALA,None,0,-2.12,-0.016000000000000014,-1.06,-0.008000000000000007,2,-0.8515999999999999,-1.0068,-0.84168
1PINA,L,7,A,Forward,7.0,40.0,-1.73,ALA,None,1,8.13,0.613,2.0325,0.15325,4,-1.5691000000000002,-1.1326,-1.6113600000000001
1PINA,L,7,I,Forward,7.0,40.0,-0.85,nonALA,None,1,1.620000000000001,0.175,0.40500000000000025,0.04375,4,-1.1134000000000002,-1.045,-1.1256000000000002
1PINA,L,7,N,Forward,7.0,40.0,-0.9,nonALA,None,1,9.82,0.685,2.455,0.17125,4,-1.6874000000000002,-1.147,-1.7408000000000001
1PINA,L,7,V,Forward,7.0,40.0,-1.26,nonALA,None,1,3.490000000000001,0.34199999999999997,0.8725000000000003,0.08549999999999999,4,-1.2443000000000002,-1.0784,-1.26184
1PINA,M,15,A,Forward,7.0,40.0,-0.59,ALA,Strand,9,0.0,0.0,0.0,0.0,0,-1.0,-1.01,-1.01
1PINA,N,26,D,Forward,7.0,40.0,-1.88,nonALA,Strand,20,0.6400000000000001,0.001000000000000112,0.12800000000000003,0.00020000000000002237,5,-1.0448,-1.0102,-1.06112
1PINA,N,30,A,Forward,7.0,40.0,-0.47,ALA,None,24,-4.16,-0.051999999999999824,-0.6933333333333334,-0.008666666666666637,6,-0.7088,-0.9996,-0.68136
1PINA,N,30,G,Forward,7.0,40.0,0.53,nonALA,None,24,-2.6000000000000005,-0.050999999999999934,-0.4333333333333334,-0.008499999999999988,6,-0.818,-0.9998,-0.8060799999999999
1PINA,P,8,A,Forward,7.0,40.0,-0.97,ALA,None,2,-1.0299999999999996,-0.006999999999999951,-0.3433333333333332,-0.002333333333333317,3,-0.9279000000000001,-1.0086,-0.92816
1PINA,P,8,G,Forward,7.0,40.0,-0.92,nonALA,None,2,-0.5800000000000001,-0.0010000000000000009,-0.19333333333333336,-0.00033333333333333365,3,-0.9594,-1.0098,-0.96368
1PINA,P,9,A,Forward,7.0,40.0,-0.19,ALA,Turn,3,-2.420000000000001,-0.05599999999999972,-0.48400000000000015,-0.011199999999999943,5,-0.8305999999999999,-0.9988,-0.8208799999999999
1PINA,P,9,G,Forward,7.0,40.0,-0.49,nonALA,Turn,3,-0.7800000000000002,-0.011999999999999789,-0.15600000000000006,-0.0023999999999999577,5,-0.9454,-1.0076,-0.94856
1PINA,Q,33,A,Forward,7.0,40.0,-0.57,ALA,Strand,27,0.0,0.0,0.0,0.0,0,-1.0,-1.01,-1.01
1PINA,R,14,A,Forward,7.0,40.0,-1.63,ALA,Strand,8,0.0,0.0,0.0,0.0,0,-1.0,-1.01,-1.01
1PINA,R,17,A,Forward,7.0,40.0,0.0,ALA,Turn,11,0.0,0.0,0.0,0.0,0,-1.0,-1.01,-1.01
1PINA,R,17,G,Forward,7.0,40.0,-0.22,nonALA,Turn,11,0.0,0.0,0.0,0.0,0,-1.0,-1.01,-1.01
1PINA,R,21,A,Forward,7.0,40.0,-0.65,ALA,None,15,-0.4099999999999997,-0.0040000000000000036,-0.4099999999999997,-0.0040000000000000036,1,-0.9713,-1.0092,-0.9775200000000001
1PINA,R,21,G,Forward,7.0,40.0,-0.67,nonALA,None,15,-0.009999999999999787,0.0,-0.009999999999999787,0.0,1,-0.9993,-1.01,-1.0092
1PINA,R,36,A,Forward,7.0,40.0,-0.29,ALA,None,30,-1.9999999999999996,-0.064,-0.4999999999999999,-0.016,4,-0.86,-0.9972,-0.8551200000000001
1PINA,S,16,A,Forward,7.0,40.0,-0.44,ALA,None,10,0.0,0.0,0.0,0.0,0,-1.0,-1.01,-1.01
1PINA,S,16,G,Forward,7.0,40.0,-0.92,nonALA,None,10,0.0,0.0,0.0,0.0,0,-1.0,-1.01,-1.01
1PINA,S,18,A,Forward,7.0,40.0,0.03,ALA,Turn,12,0.0,0.0,0.0,0.0,0,-1.0,-1.01,-1.01
1PINA,S,18,G,Forward,7.0,40.0,0.02,nonALA,Turn,12,0.0,0.0,0.0,0.0,0,-1.0,-1.01,-1.01
1PINA,S,19,A,Forward,7.0,40.0,-0.14,ALA,Bend,13,0.0,0.0,0.0,0.0,0,-1.0,-1.01,-1.01
1PINA,S,19,G,Forward,7.0,40.0,0.01,nonALA,Bend,13,0.0,0.0,0.0,0.0,0,-1.0,-1.01,-1.01
1PINA,S,32,A,Forward,7.0,40.0,-0.26,ALA,Strand,26,-0.8299999999999998,0.0040000000000000036,-0.4149999999999999,0.0020000000000000018,2,-0.9419,-1.0108,-0.94328
1PINA,S,32,G,Forward,7.0,40.0,-0.81,nonALA,Strand,26,-0.5700000000000003,-0.005999999999999783,-0.28500000000000014,-0.0029999999999998916,2,-0.9601,-1.0088000000000001,-0.96488
1PINA,S,38,A,Forward,7.0,40.0,0.05,ALA,None,32,-1.7099999999999997,-0.22000000000000003,-0.57,-0.07333333333333335,3,-0.8803,-0.966,-0.8908
1PINA,S,38,G,Forward,7.0,40.0,-0.08,nonALA,None,32,-0.6400000000000001,-0.024999999999999967,-0.21333333333333337,-0.008333333333333323,3,-0.9551999999999999,-1.0050000000000001,-0.9608
1PINA,T,29,A,Forward,7.0,40.0,-1.25,ALA,Turn,23,-4.709999999999999,-1.3249999999999995,-0.31399999999999995,-0.0883333333333333,15,-0.6703,-0.7450000000000001,-0.7392000000000001
1PINA,T,29,D,Forward,7.0,40.0,-1.33,nonALA,Turn,23,9.93,0.9830000000000013,0.662,0.06553333333333342,15,-1.6951,-1.2066000000000003,-1.72576
1PINA,T,29,G,Forward,7.0,40.0,-1.99,nonALA,Turn,23,1.1799999999999993,0.10800000000000054,0.07866666666666662,0.007200000000000036,15,-1.0826,-1.0316,-1.0957599999999998
1PINA,T,29,S,Forward,7.0,40.0,-0.65,nonALA,Turn,23,4.8900000000000015,0.41300000000000026,0.3260000000000001,0.02753333333333335,15,-1.3423000000000003,-1.0926,-1.36816
1PINA,V,22,A,Forward,7.0,40.0,-0.26,ALA,Strand,16,0.0,0.0,0.0,0.0,0,-1.0,-1.01,-1.01
1PINA,W,11,F,Forward,7.0,40.0,-1.93,nonALA,Strand,5,-0.52,-0.059,-0.52,-0.059,1,-0.9636,-0.9982,-0.97312
1PINA,W,34,A,Forward,7.0,40.0,-0.4,ALA,Bend,28,1.58,0.11499999999999999,1.58,0.11499999999999999,1,-1.1106,-1.033,-1.1272
1PINA,W,34,F,Forward,7.0,40.0,-0.1,nonALA,Bend,28,0.0,0.0,0.0,0.0,0,-1.0,-1.01,-1.01
1PINA,Y,23,A,Forward,7.0,40.0,-1.08,ALA,Strand,17,2.6100000000000003,0.04000000000000001,1.3050000000000002,0.020000000000000004,2,-1.1827,-1.018,-1.2156
1PINA,Y,23,F,Forward,7.0,40.0,-0.52,nonALA,Strand,17,-0.8199999999999998,-0.05200000000000002,-0.8199999999999998,-0.05200000000000002,1,-0.9426,-0.9996,-0.9485600000000001
1PINA,Y,23,L,Forward,7.0,40.0,-1.18,nonALA,Strand,17,-0.8700000000000001,-0.05300000000000002,-0.8700000000000001,-0.05300000000000002,1,-0.9390999999999999,-0.9994,-0.94464
1PINA,Y,24,F,Forward,7.0,40.0,-0.67,nonALA,Strand,18,-1.88,-0.096,-0.94,-0.048,2,-0.8684000000000001,-0.9908,-0.86728
1PINA,Y,24,W,Forward,7.0,40.0,-0.56,nonALA,Strand,18,-0.79,-0.021999999999999964,-0.395,-0.010999999999999982,2,-0.9447,-1.0056,-0.94856
1RGGA,D,17,K,Forward,7.0,25.0,-1.1,nonALA,Alpha Helix,16,0.3899999999999999,0.00900000000000023,0.0557142857142857,0.0012857142857143186,7,-1.0273,-1.0118,-1.04048
1RGGA,D,25,H,Forward,7.0,25.0,0.9,nonALA,Turn,24,0.0,0.0,0.0,0.0,0,-1.0,-1.01,-1.01
1RGGA,D,25,K,Forward,7.0,47.2,-0.9,nonALA,Turn,24,0.0,0.0,0.0,0.0,0,-1.0,-1.01,-1.01
1RGGA,D,79,A,Forward,3.0,38.6,-0.3,ALA,Strand,78,-11.39,-0.35900000000000043,-0.9491666666666667,-0.029916666666666702,12,-0.20269999999999988,-0.9381999999999999,-0.12751999999999997
1RGGA,D,79,A,Forward,8.5,45.9,3.3,ALA,Strand,78,-11.39,-0.35900000000000043,-0.9491666666666667,-0.029916666666666702,12,-0.20269999999999988,-0.9381999999999999,-0.12751999999999997
1RGGA,D,79,E,Forward,7.0,52.6,-0.3,nonALA,Strand,78,0.44999999999999984,0.11800000000000033,0.037499999999999985,0.00983333333333336,12,-1.0315,-1.0336,-1.03656
1RGGA,D,79,F,Forward,3.0,38.6,-0.3,nonALA,Strand,78,-14.78,-6.077,-2.956,-1.2154,5,0.034599999999999964,0.20540000000000003,-0.31376000000000004
1RGGA,D,79,F,Forward,8.5,45.9,3.7,nonALA,Strand,78,-14.78,-6.077,-2.956,-1.2154,5,0.034599999999999964,0.20540000000000003,-0.31376000000000004
1RGGA,D,79,F,Forward,7.0,52.6,3.0,nonALA,Strand,78,-14.78,-6.077,-2.956,-1.2154,5,0.034599999999999964,0.20540000000000003,-0.31376000000000004
1RGGA,D,79,H,Forward,7.0,52.6,1.8,nonALA,Strand,78,-10.42,-0.2520000000000002,-0.8683333333333333,-0.02100000000000002,12,-0.27059999999999995,-0.9596,-0.19656000000000007
1RGGA,D,79,K,Forward,7.0,52.6,2.3,nonALA,Strand,78,1.68,0.03299999999999992,0.13999999999999999,0.0027499999999999933,12,-1.1176,-1.0166,-1.14176
1RGGA,D,79,L,Forward,7.0,52.6,2.7,nonALA,Strand,78,-4.2,-2.827,-2.1,-1.4135,2,-0.706,-0.4446,-0.90016
1RGGA,D,79,N,Forward,3.0,38.6,-1.2,nonALA,Strand,78,-2.250000000000001,0.0860000000000003,-0.18750000000000008,0.007166666666666692,12,-0.8424999999999999,-1.0272000000000001,-0.8231199999999999
1RGGA,D,79,N,Forward,8.5,45.9,2.3,nonALA,Strand,78,-2.250000000000001,0.0860000000000003,-0.18750000000000008,0.007166666666666692,12,-0.8424999999999999,-1.0272000000000001,-0.8231199999999999
1RGGA,D,79,N,Forward,7.0,52.6,1.8,nonALA,Strand,78,-2.250000000000001,0.0860000000000003,-0.18750000000000008,0.007166666666666692,12,-0.8424999999999999,-1.0272000000000001,-0.8231199999999999
1RGGA,D,79,R,Forward,7.0,52.6,2.7,nonALA,Strand,78,-5.420000000000001,-0.014000000000000346,-0.4516666666666667,-0.0011666666666666954,12,-0.6205999999999999,-1.0071999999999999,-0.57752
1RGGA,D,79,W,Forward,7.0,52.6,2.3,nonALA,Strand,78,-25.06,-1.5859999999999996,-2.0883333333333334,-0.13216666666666663,12,0.7542,-0.6928000000000001,0.86792
1RGGA,D,79,Y,Forward,7.0,52.6,2.9,nonALA,Strand,78,-20.75,-0.8789999999999998,-1.7291666666666667,-0.07324999999999998,12,0.4525000000000001,-0.8342,0.57968
1RGGA,E,41,K,Forward,7.0,25.0,-1.2,nonALA,Turn,40,0.1299999999999999,0.0,0.1299999999999999,0.0,1,-1.0090999999999999,-1.01,-1.0204
1RGGA,E,41,K,Forward,7.0,49.0,-0.7,nonALA,Turn,40,0.1299999999999999,0.0,0.1299999999999999,0.0,1,-1.0090999999999999,-1.01,-1.0204
1RGGA,E,41,K,Forward,5.5,55.6,-1.5,nonALA,Turn,40,0.1299999999999999,0.0,0.1299999999999999,0.0,1,-1.0090999999999999,-1.01,-1.0204
1RGGA,E,54,Q,Forward,5.5,55.6,-2.3,nonALA,Strand,53,-2.8299999999999987,-0.24999999999999978,-0.28299999999999986,-0.024999999999999977,10,-0.8019000000000001,-0.9600000000000001,-0.8036000000000001
1RGGA,E,74,K,Forward,7.0,25.0,1.1,nonALA,Bend,73,-0.17000000000000026,0.030000000000000138,-0.024285714285714324,0.004285714285714305,7,-0.9881,-1.016,-0.994
1RGGA,E,74,K,Forward,7.0,47.2,-1.1,nonALA,Bend,73,-0.17000000000000026,0.030000000000000138,-0.024285714285714324,0.004285714285714305,7,-0.9881,-1.016,-0.994
1RGGA,E,74,K,Forward,7.0,49.0,0.9,nonALA,Bend,73,-0.17000000000000026,0.030000000000000138,-0.024285714285714324,0.004285714285714305,7,-0.9881,-1.016,-0.994
1RGGA,E,74,K,Forward,5.5,55.6,0.1,nonALA,Bend,73,-0.17000000000000026,0.030000000000000138,-0.024285714285714324,0.004285714285714305,7,-0.9881,-1.016,-0.994
1RGGA,H,85,Q,Forward,7.0,49.0,0.0,nonALA,Turn,84,2.77,0.04299999999999993,0.46166666666666667,0.0071666666666666545,6,-1.1939,-1.0186,-1.22816
1RGGA,H,85,Q,Forward,5.5,55.6,0.0,nonALA,Turn,84,2.77,0.04299999999999993,0.46166666666666667,0.0071666666666666545,6,-1.1939,-1.0186,-1.22816
1RGGA,N,39,A,Forward,7.0,48.4,-2.2,ALA,None,38,-5.129999999999999,-0.3899999999999997,-0.6412499999999999,-0.04874999999999996,8,-0.6409,-0.932,-0.6308
1RGGA,N,39,D,Forward,7.0,48.4,-1.5,nonALA,None,38,1.1700000000000004,0.04400000000000015,0.14625000000000005,0.005500000000000019,8,-1.0819,-1.0188000000000001,-1.10008
1RGGA,N,39,S,Forward,7.0,48.4,-2.3,nonALA,None,38,-0.4299999999999995,-0.03199999999999992,-0.05374999999999994,-0.00399999999999999,8,-0.9699,-1.0036,-0.97816
1RGGA,Q,38,A,Forward,7.0,49.0,1.0,ALA,None,37,-2.8599999999999985,-0.08900000000000008,-0.40857142857142836,-0.012714285714285725,7,-0.7998000000000001,-0.9922,-0.7883200000000001
1RGGA,Q,38,A,Forward,5.5,55.6,0.4,ALA,None,37,-2.8599999999999985,-0.08900000000000008,-0.40857142857142836,-0.012714285714285725,7,-0.7998000000000001,-0.9922,-0.7883200000000001
1RGGA,Q,94,K,Forward,3.0,38.6,0.2,nonALA,Turn,93,0.8399999999999999,0.004999999999999893,0.41999999999999993,0.0024999999999999467,2,-1.0588,-1.011,-1.0768
1RGGA,Q,94,K,Forward,8.5,45.9,1.1,nonALA,Turn,93,0.8399999999999999,0.004999999999999893,0.41999999999999993,0.0024999999999999467,2,-1.0588,-1.011,-1.0768
1RGGA,Q,94,K,Forward,7.0,52.6,0.3,nonALA,Turn,93,0.8399999999999999,0.004999999999999893,0.41999999999999993,0.0024999999999999467,2,-1.0588,-1.011,-1.0768
1RGGA,R,65,A,Forward,7.0,49.0,-1.0,ALA,None,64,-2.96,-0.2100000000000002,-0.592,-0.04200000000000004,5,-0.7928,-0.968,-0.79
1RGGA,R,65,A,Forward,5.5,55.6,-1.3,ALA,None,64,-2.96,-0.2100000000000002,-0.592,-0.04200000000000004,5,-0.7928,-0.968,-0.79
1RGGA,T,16,V,Forward,7.0,48.4,0.3,nonALA,Alpha Helix,15,-16.67,-2.172,-1.6670000000000003,-0.2172,10,0.16690000000000027,-0.5755999999999999,0.1498400000000002
1RGGA,T,18,V,Forward,7.0,48.4,-1.4,nonALA,Alpha Helix,17,-12.29,-1.5690000000000002,-1.3655555555555554,-0.17433333333333334,9,-0.13969999999999994,-0.6961999999999999,-0.15232000000000012
1RGGA,T,56,V,Forward,7.0,48.4,-1.9,nonALA,Strand,55,-21.439999999999998,-2.0330000000000004,-1.4293333333333331,-0.13553333333333337,15,0.5007999999999999,-0.6033999999999999,0.5425599999999997
1RGGA,T,59,V,Forward,7.0,48.4,-1.7,nonALA,None,58,-9.839999999999998,-0.2589999999999999,-1.2299999999999998,-0.03237499999999999,8,-0.31120000000000003,-0.9582,-0.24352000000000018
1RGGA,T,5,V,Forward,7.0,48.4,0.0,nonALA,Strand,4,-1.6100000000000003,-0.11499999999999999,-1.6100000000000003,-0.11499999999999999,1,-0.8873,-0.987,-0.8904
1RGGA,T,67,V,Forward,7.0,48.4,0.0,nonALA,Bend,66,-12.849999999999998,-0.9340000000000004,-1.4277777777777776,-0.10377777777777782,9,-0.10050000000000003,-0.8231999999999999,-0.056720000000000215
1RGGA,T,72,V,Forward,7.0,48.4,-0.2,nonALA,Strand,71,-16.950000000000003,-3.482,-1.4125000000000003,-0.2901666666666667,12,0.18650000000000033,-0.3135999999999999,0.06744000000000039
1RGGA,T,82,V,Forward,7.0,48.4,-1.7,nonALA,Strand,81,-16.65,-8.386,-1.5136363636363634,-0.7623636363636362,11,0.16549999999999998,0.6672,-0.3488800000000001
1RGGA,V,2,T,Forward,7.0,48.4,-0.9,nonALA,None,1,8.57,3.8120000000000003,1.714,0.7624000000000001,5,-1.5999,-1.7724000000000002,-1.39064
1RGGA,V,36,T,Forward,7.0,48.4,-1.3,nonALA,Isolated beta-bridge,35,8.22,0.44300000000000006,1.37,0.07383333333333335,6,-1.5754000000000001,-1.0986,-1.63216
1RGGA,V,43,T,Forward,7.0,48.4,-0.5,nonALA,None,42,10.999999999999998,1.9529999999999998,1.5714285714285712,0.27899999999999997,7,-1.77,-1.4006,-1.73376
1RGGA,V,57,T,Forward,7.0,48.4,-4.4,nonALA,None,56,18.509999999999998,1.355,1.322142857142857,0.09678571428571428,14,-2.2957,-1.2810000000000001,-2.3823999999999996
1RGGA,Y,30,F,Forward,7.0,25.0,0.4,nonALA,Bend,29,-4.300000000000001,-0.3380000000000001,-1.0750000000000002,-0.08450000000000002,4,-0.6989999999999998,-0.9424,-0.6930399999999999
1RGGA,Y,49,F,Forward,7.0,25.0,-0.2,nonALA,Turn,48,-5.39,-4.632,-1.3475,-1.158,4,-0.6227,-0.08360000000000001,-0.94936
1RGGA,Y,51,F,Forward,7.0,25.0,-2.3,nonALA,Bend,50,-9.009999999999998,-4.119,-1.287142857142857,-0.5884285714285714,7,-0.3693000000000001,-0.18620000000000003,-0.6187200000000002
1RGGA,Y,52,F,Forward,7.0,25.0,-3.6,nonALA,None,51,-8.65,-7.333,-0.9611111111111111,-0.8147777777777778,9,-0.39449999999999996,0.4566000000000001,-0.90464
1RGGA,Y,55,F,Forward,7.0,25.0,-0.6,nonALA,Strand,54,-18.29,-5.43,-1.3064285714285713,-0.38785714285714284,14,0.2803,0.07600000000000007,0.018799999999999928
1RGGA,Y,80,F,Forward,7.0,25.0,-1.5,nonALA,Strand,79,-4.720000000000001,-6.808,-1.1800000000000002,-1.702,4,-0.6696,0.35160000000000013,-1.1770399999999999
1RGGA,Y,81,F,Forward,7.0,25.0,-1.2,nonALA,Strand,80,-11.66,-8.37,-1.6657142857142857,-1.1957142857142855,7,-0.18379999999999996,0.6639999999999999,-0.7467999999999999
1RGGA,Y,86,F,Forward,7.0,25.0,-0.3,nonALA,Turn,85,-5.8100000000000005,-0.9810000000000008,-0.8300000000000001,-0.14014285714285726,7,-0.5932999999999999,-0.8137999999999999,-0.62368
1RN1A,V,16,A,Forward,7.0,25.0,-2.19,ALA,Alpha Helix,15,11.8,1.037,1.3111111111111111,0.11522222222222221,9,-1.826,-1.2174,-1.8710400000000003
1RN1A,V,16,C,Forward,7.0,25.0,-4.68,nonALA,Alpha Helix,15,3.999999999999999,0.4760000000000003,0.44444444444444436,0.05288888888888892,9,-1.28,-1.1052,-1.29192
1RN1A,V,16,S,Forward,7.0,25.0,-4.71,nonALA,Alpha Helix,15,18.169999999999998,1.4470000000000007,2.0188888888888887,0.16077777777777785,9,-2.2719,-1.2994,-2.3478399999999997
1RN1A,V,16,T,Forward,7.0,25.0,-4.1,nonALA,Alpha Helix,15,15.070000000000002,1.3200000000000003,1.6744444444444446,0.1466666666666667,9,-2.0549,-1.274,-2.1100000000000003
1RN1A,V,78,T,Forward,7.0,25.0,-3.1,nonALA,Strand,76,17.189999999999998,0.5939999999999996,1.7189999999999999,0.05939999999999997,10,-2.2033,-1.1288,-2.3376799999999998
1ROPA,L,41,A,Forward,6.0,25.0,-6.12,ALA,Alpha Helix,40,9.770000000000001,2.0459999999999994,1.6283333333333336,0.3409999999999999,6,-1.6839000000000002,-1.4192,-1.62792
1ROPA,L,41,V,Forward,6.0,25.0,-2.53,nonALA,Alpha Helix,40,3.040000000000001,0.9640000000000003,0.5066666666666668,0.1606666666666667,6,-1.2128,-1.2028,-1.17608
1RROA,P,21,A,Forward,7.4,53.6,-0.74,ALA,Turn,20,-1.76,-0.19500000000000006,-0.352,-0.039000000000000014,5,-0.8768,-0.971,-0.8848
1RROA,P,26,A,Forward,7.4,53.6,-0.74,ALA,Alpha Helix,25,-4.579999999999999,-0.21299999999999994,-0.5088888888888888,-0.02366666666666666,9,-0.6794,-0.9674,-0.6606400000000001
1RTBA,A,4,S,Forward,7.1,61.4,-0.62,nonALA,Alpha Helix,3,1.7500000000000002,0.18500000000000028,0.5833333333333334,0.06166666666666676,3,-1.1225,-1.0470000000000002,-1.1352
1RTBA,A,4,S,Forward,7.0,61.7,-0.57,nonALA,Alpha Helix,3,1.7500000000000002,0.18500000000000028,0.5833333333333334,0.06166666666666676,3,-1.1225,-1.0470000000000002,-1.1352
1RTBA,A,4,S,Forward,7.1,62.8,-0.22,nonALA,Alpha Helix,3,1.7500000000000002,0.18500000000000028,0.5833333333333334,0.06166666666666676,3,-1.1225,-1.0470000000000002,-1.1352
1RTBA,A,5,S,Forward,7.1,61.4,-0.52,nonALA,Alpha Helix,4,3.97,0.43000000000000016,0.5671428571428572,0.06142857142857145,7,-1.2779,-1.096,-1.2932000000000001
1RTBA,A,5,S,Forward,7.0,61.7,-0.37,nonALA,Alpha Helix,4,3.97,0.43000000000000016,0.5671428571428572,0.06142857142857145,7,-1.2779,-1.096,-1.2932000000000001
1RTBA,A,5,S,Forward,7.1,62.8,0.08,nonALA,Alpha Helix,4,3.97,0.43000000000000016,0.5671428571428572,0.06142857142857145,7,-1.2779,-1.096,-1.2932000000000001
1RTBA,F,46,A,Forward,6.0,24.85,-6.36,ALA,Strand,45,23.88,6.489000000000001,2.170909090909091,0.5899090909090909,11,-2.6716,-2.3078000000000003,-2.40128
1RTBA,F,46,L,Forward,6.0,24.85,-3.21,nonALA,Strand,45,0.529999999999998,-2.93,0.048181818181818,-0.26636363636363636,11,-1.0371,-0.42399999999999993,-1.2868
1RTBA,F,46,V,Forward,6.0,24.85,-4.55,nonALA,Strand,45,11.009999999999998,3.6860000000000004,1.0009090909090907,0.3350909090909091,11,-1.7707,-1.7472,-1.59592
1RTBA,S,123,A,Forward,7.1,61.4,0.47,ALA,Strand,122,-1.8199999999999998,-0.17100000000000015,-0.6066666666666666,-0.05700000000000005,3,-0.8726,-0.9758,-0.87808
1RTBA,S,123,A,Forward,7.0,61.7,0.46,ALA,Strand,122,-1.8199999999999998,-0.17100000000000015,-0.6066666666666666,-0.05700000000000005,3,-0.8726,-0.9758,-0.87808
1RTBA,S,123,A,Forward,7.1,62.8,1.14,ALA,Strand,122,-1.8199999999999998,-0.17100000000000015,-0.6066666666666666,-0.05700000000000005,3,-0.8726,-0.9758,-0.87808
1RTBA,S,75,A,Forward,7.4,61.1,-2.5,ALA,None,74,-8.980000000000002,0.6089999999999999,-0.6907692307692309,0.046846153846153836,13,-0.37139999999999984,-1.1318,-0.24287999999999976
1RTBA,S,75,T,Forward,7.4,61.1,-2.8,nonALA,None,74,-4.860000000000001,0.9869999999999998,-0.37384615384615394,0.0759230769230769,13,-0.6597999999999999,-1.2074,-0.5422399999999998
1RTBA,V,108,G,Forward,5.0,40.0,-7.29,nonALA,Strand,107,12.879999999999999,7.55,1.6099999999999999,0.94375,8,-1.9016000000000002,-2.52,-1.4364
1RTBA,V,47,G,Forward,5.0,40.0,-7.35,nonALA,Strand,46,18.429999999999996,0.2540000000000001,1.675454545454545,0.023090909090909103,11,-2.2901,-1.0608,-2.4640799999999996
1RTBA,V,57,G,Forward,5.0,40.0,-5.52,nonALA,3-10 Helix,56,27.829999999999995,9.947000000000001,1.6370588235294115,0.5851176470588236,17,-2.9480999999999997,-2.9994000000000005,-2.4406399999999997
1RTP1,A,21,P,Forward,7.4,44.2,0.95,nonALA,Turn,20,1.8999999999999997,0.19499999999999962,0.37999999999999995,0.038999999999999924,5,-1.133,-1.049,-1.1464
1RTP1,A,21,P,Forward,7.4,45.8,-1.92,nonALA,Turn,20,1.8999999999999997,0.19499999999999962,0.37999999999999995,0.038999999999999924,5,-1.133,-1.049,-1.1464
1RTP1,H,26,P,Forward,7.4,45.8,1.25,nonALA,Alpha Helix,25,1.4799999999999998,0.15799999999999992,0.36999999999999994,0.03949999999999998,4,-1.1036,-1.0416,-1.11576
1SHGA,D,48,G,Forward,2.0,24.85,0.98,nonALA,Turn,42,0.0,0.0,0.0,0.0,0,-1.0,-1.01,-1.01
1SHGA,D,48,G,Forward,2.5,24.85,0.69,nonALA,Turn,42,0.0,0.0,0.0,0.0,0,-1.0,-1.01,-1.01
1SHGA,D,48,G,Forward,3.0,24.85,0.57,nonALA,Turn,42,0.0,0.0,0.0,0.0,0,-1.0,-1.01,-1.01
1SHGA,D,48,G,Forward,3.5,24.85,1.05,nonALA,Turn,42,0.0,0.0,0.0,0.0,0,-1.0,-1.01,-1.01
1STNA,S,141,A,Forward,7.0,40.0,-0.12,ALA,None,135,-0.29000000000000004,-0.020000000000000018,-0.14500000000000002,-0.010000000000000009,2,-0.9797,-1.006,-0.9884000000000001
1STNA,W,140,F,Forward,7.0,20.0,-0.6,nonALA,3-10 Helix,134,-2.3299999999999996,-0.10600000000000004,-0.7766666666666665,-0.03533333333333335,3,-0.8369,-0.9888,-0.83208
1STNA,W,140,H,Forward,7.0,20.0,-0.4,nonALA,3-10 Helix,134,4.93,0.5569999999999999,1.2325,0.13924999999999998,4,-1.3451,-1.1214,-1.35984
1STNA,W,140,L,Forward,7.0,20.0,-4.5,nonALA,3-10 Helix,134,-2.4500000000000006,-0.11600000000000005,-0.8166666666666669,-0.03866666666666668,3,-0.8284999999999999,-0.9868,-0.82328
1STNA,W,140,Y,Forward,7.0,20.0,-1.1,nonALA,3-10 Helix,134,0.8399999999999999,0.22999999999999995,0.20999999999999996,0.05749999999999999,4,-1.0588,-1.056,-1.0588
1VQBA,A,86,T,Forward,7.0,25.0,-0.7,nonALA,None,85,1.9300000000000002,1.1270000000000002,0.3216666666666667,0.18783333333333338,6,-1.1351,-1.2354,-1.07424
1VQBA,A,86,V,Forward,7.0,25.0,0.5,nonALA,None,85,-3.7299999999999995,-1.0309999999999997,-1.2433333333333332,-0.34366666666666656,3,-0.7389,-0.8038000000000001,-0.79408
1VQBA,C,33,A,Forward,7.0,25.0,-0.5,ALA,Strand,32,6.409999999999999,3.543999999999999,0.6409999999999999,0.35439999999999994,10,-1.4487,-1.7187999999999999,-1.23928
1VQBA,C,33,I,Forward,7.0,25.0,-0.9,nonALA,Strand,32,-5.819999999999999,-0.47300000000000014,-0.7274999999999999,-0.05912500000000002,8,-0.5926,-0.9154,-0.5822400000000001
1VQBA,C,33,L,Forward,7.0,25.0,-2.6,nonALA,Strand,32,-5.530000000000001,-0.6820000000000002,-0.9216666666666669,-0.1136666666666667,6,-0.6128999999999999,-0.8735999999999999,-0.6221599999999999
1VQBA,C,33,M,Forward,7.0,25.0,-3.5,nonALA,Strand,32,-4.34,-0.08600000000000019,-0.4822222222222222,-0.009555555555555576,9,-0.6961999999999999,-0.9928,-0.66968
1VQBA,C,33,T,Forward,7.0,25.0,-4.6,nonALA,Strand,32,9.579999999999998,3.3469999999999995,0.9579999999999999,0.33469999999999994,10,-1.6705999999999999,-1.6794,-1.50864
1VQBA,C,33,V,Forward,7.0,25.0,-0.2,nonALA,Strand,32,-4.139999999999999,-0.11900000000000022,-0.45999999999999985,-0.013222222222222246,9,-0.7102,-0.9862,-0.68832
1VQBA,D,36,N,Forward,7.0,25.0,-1.0,nonALA,None,35,-0.4400000000000004,-0.007000000000000006,-0.1100000000000001,-0.0017500000000000016,4,-0.9692,-1.0086,-0.97536
1VQBA,E,30,N,Forward,7.0,25.0,-1.1,nonALA,Strand,29,-0.28000000000000047,-0.02200000000000002,-0.025454545454545497,-0.0020000000000000018,11,-0.9803999999999999,-1.0056,-0.98936
1VQBA,E,40,C,Forward,7.0,25.0,-1.6,nonALA,Bend,39,0.0,0.0,0.0,0.0,0,-1.0,-1.01,-1.01
1VQBA,E,40,T,Forward,7.0,25.0,-0.4,nonALA,Bend,39,0.0,0.0,0.0,0.0,0,-1.0,-1.01,-1.01
1VQBA,F,13,T,Forward,7.0,25.0,-0.7,nonALA,None,12,16.08,9.623,2.01,1.202875,8,-2.1256,-2.9345999999999997,-1.52656
1VQBA,F,68,V,Forward,7.0,25.0,-5.0,nonALA,Strand,67,1.1899999999999995,0.040999999999999995,1.1899999999999995,0.040999999999999995,1,-1.0833,-1.0182,-1.10192
1VQBA,F,73,W,Forward,7.0,25.0,0.8,nonALA,Turn,72,0.0,0.0,0.0,0.0,0,-1.0,-1.01,-1.01
1VQBA,H,64,C,Forward,7.0,25.0,0.5,nonALA,None,63,-1.38,-0.063,-1.38,-0.063,1,-0.9034,-0.9974000000000001,-0.90464
1VQBA,I,47,T,Forward,7.0,25.0,-7.4,nonALA,Strand,46,18.5,3.3240000000000003,2.0555555555555554,0.36933333333333335,9,-2.295,-1.6748,-2.22408
1VQBA,I,6,V,Forward,7.0,25.0,-0.7,nonALA,Strand,5,6.67,3.4560000000000004,0.5558333333333333,0.28800000000000003,12,-1.4669,-1.7012,-1.26712
1VQBA,I,78,C,Forward,7.0,25.0,-4.4,nonALA,Strand,77,0.0,0.0,0.0,0.0,0,-1.0,-1.01,-1.01
1VQBA,I,78,T,Forward,7.0,25.0,-6.6,nonALA,Strand,77,0.0,0.0,0.0,0.0,0,-1.0,-1.01,-1.01
1VQBA,I,78,V,Forward,7.0,25.0,-1.3,nonALA,Strand,77,0.0,0.0,0.0,0.0,0,-1.0,-1.01,-1.01
1VQBA,K,24,V,Forward,7.0,25.0,0.8,nonALA,None,23,-9.74,-0.25799999999999995,-2.435,-0.06449999999999999,4,-0.3181999999999999,-0.9584,-0.2514399999999999
1VQBA,L,28,V,Forward,7.0,25.0,1.1,nonALA,Strand,27,7.2,3.5349999999999993,0.9,0.4418749999999999,8,-1.504,-1.7169999999999999,-1.3032000000000001
1VQBA,L,32,H,Forward,7.0,25.0,-0.9,nonALA,Strand,31,22.84,11.350999999999999,2.076363636363636,1.0319090909090909,11,-2.5988,-3.2802,-1.9291200000000002
1VQBA,L,32,R,Forward,7.0,25.0,-1.6,nonALA,Strand,31,28.650000000000002,11.729000000000001,2.604545454545455,1.0662727272727273,11,-3.0055000000000005,-3.3558000000000003,-2.36368
1VQBA,L,32,W,Forward,7.0,25.0,2.8,nonALA,Strand,31,7.82,8.341000000000003,0.7109090909090909,0.7582727272727275,11,-1.5474,-2.6782000000000004,-0.9683199999999998
1VQBA,L,32,Y,Forward,7.0,25.0,1.0,nonALA,Strand,31,11.54,9.79,1.049090909090909,0.8899999999999999,11,-1.8077999999999999,-2.968,-1.15
1VQBA,L,37,A,Forward,7.0,25.0,-7.7,ALA,None,36,4.52,3.08,2.26,1.54,2,-1.3164,-1.6260000000000001,-1.1252
1VQBA,L,37,C,Forward,7.0,25.0,-4.6,nonALA,None,36,2.96,2.785,1.48,1.3925,2,-1.2072,-1.5670000000000002,-1.024
1VQBA,L,37,I,Forward,7.0,25.0,-1.4,nonALA,None,36,0.8600000000000003,3.0789999999999997,0.43000000000000016,1.5394999999999999,2,-1.0602,-1.6258,-0.8324800000000001
1VQBA,L,37,T,Forward,7.0,25.0,-5.2,nonALA,None,36,5.07,3.171,2.535,1.5855,2,-1.3549,-1.6442,-1.16192
1VQBA,L,37,V,Forward,7.0,25.0,-3.5,nonALA,None,36,1.87,2.5780000000000003,0.935,1.2890000000000001,2,-1.1309,-1.5256,-0.95336
1VQBA,L,49,A,Forward,7.0,25.0,-6.1,ALA,None,48,25.290000000000006,5.745,1.945384615384616,0.4419230769230769,13,-2.7703000000000007,-2.159,-2.5736000000000008
1VQBA,L,49,C,Forward,7.0,25.0,-4.1,nonALA,None,48,13.890000000000004,3.5330000000000004,1.0684615384615388,0.2717692307692308,13,-1.9723000000000004,-1.7166000000000001,-1.8385600000000002
1VQBA,L,49,I,Forward,7.0,25.0,-1.9,nonALA,None,48,4.930000000000002,0.8780000000000002,0.3792307692307694,0.06753846153846156,13,-1.3451000000000002,-1.1856,-1.3341600000000002
1VQBA,L,49,T,Forward,7.0,25.0,-5.7,nonALA,None,48,27.840000000000003,5.496,2.141538461538462,0.4227692307692308,13,-2.9488000000000003,-2.1092000000000004,-2.7975200000000005
1VQBA,L,49,V,Forward,7.0,25.0,-2.9,nonALA,None,48,11.91,0.956,0.9161538461538462,0.07353846153846154,13,-1.8337,-1.2012,-1.88632
1VQBA,L,81,C,Forward,7.0,25.0,-3.7,nonALA,None,80,6.770000000000001,1.5949999999999998,1.3540000000000003,0.31899999999999995,5,-1.4739000000000002,-1.329,-1.4240000000000002
1VQBA,L,81,T,Forward,7.0,25.0,-5.1,nonALA,None,80,13.400000000000002,2.037,2.6800000000000006,0.4074,5,-1.9380000000000002,-1.4174,-1.9190400000000003
1VQBA,L,81,V,Forward,7.0,25.0,-0.2,nonALA,None,80,4.680000000000001,0.9790000000000001,0.9360000000000002,0.19580000000000003,5,-1.3276000000000001,-1.2058,-1.3060800000000001
1VQBA,M,77,A,Forward,7.0,25.0,-2.1,ALA,Strand,76,0.0,0.0,0.0,0.0,0,-1.0,-1.01,-1.01
1VQBA,M,77,F,Forward,7.0,25.0,-0.2,nonALA,Strand,76,0.0,0.0,0.0,0.0,0,-1.0,-1.01,-1.01
1VQBA,M,77,I,Forward,7.0,25.0,1.6,nonALA,Strand,76,0.0,0.0,0.0,0.0,0,-1.0,-1.01,-1.01
1VQBA,M,77,L,Forward,7.0,25.0,-1.2,nonALA,Strand,76,0.0,0.0,0.0,0.0,0,-1.0,-1.01,-1.01
1VQBA,M,77,T,Forward,7.0,25.0,-0.8,nonALA,Strand,76,0.0,0.0,0.0,0.0,0,-1.0,-1.01,-1.01
1VQBA,M,77,V,Forward,7.0,25.0,1.2,nonALA,Strand,76,0.0,0.0,0.0,0.0,0,-1.0,-1.01,-1.01
1VQBA,R,82,C,Forward,7.0,25.0,-1.5,nonALA,None,81,-6.21,0.7379999999999999,-1.242,0.14759999999999998,5,-0.5652999999999999,-1.1576,-0.45416
1VQBA,S,67,C,Forward,7.0,25.0,-3.7,nonALA,3-10 Helix,66,0.0,0.0,0.0,0.0,0,-1.0,-1.01,-1.01
1VQBA,S,67,T,Forward,7.0,25.0,-1.6,nonALA,3-10 Helix,66,-1.1099999999999999,-0.010000000000000009,-0.36999999999999994,-0.003333333333333336,3,-0.9223,-1.008,-0.922
1VQBA,T,48,C,Forward,7.0,25.0,-0.8,nonALA,Strand,47,-8.64,-0.1839999999999999,-0.9600000000000001,-0.020444444444444435,9,-0.3951999999999999,-0.9732000000000001,-0.3335199999999999
1VQBA,T,62,C,Forward,7.0,25.0,-0.7,nonALA,Strand,61,-11.7,-1.5119999999999998,-1.17,-0.15119999999999997,10,-0.18099999999999994,-0.7076,-0.19496000000000013
1VQBA,T,62,V,Forward,7.0,25.0,1.3,nonALA,Strand,61,-16.509999999999998,-5.811999999999999,-1.6509999999999998,-0.5811999999999999,10,0.15569999999999995,0.15239999999999987,-0.15416000000000007
1VQBA,V,19,C,Forward,7.0,25.0,-0.3,nonALA,Strand,18,1.8799999999999997,0.08399999999999996,0.3133333333333333,0.013999999999999993,6,-1.1316,-1.0268,-1.15368
1VQBA,V,19,T,Forward,7.0,25.0,-0.6,nonALA,Strand,18,7.7700000000000005,0.19500000000000006,1.2950000000000002,0.03250000000000001,6,-1.5439,-1.049,-1.616
1VQBA,V,35,A,Forward,7.0,25.0,-2.2,ALA,Strand,34,6.769999999999999,4.047000000000001,1.3539999999999996,0.8094000000000001,5,-1.4739,-1.8194000000000001,-1.2278399999999998
1VQBA,V,35,C,Forward,7.0,25.0,-1.4,nonALA,Strand,34,2.6099999999999985,4.733,0.5219999999999997,0.9465999999999999,5,-1.1826999999999999,-1.9566,-0.8401599999999999
1VQBA,V,35,L,Forward,7.0,25.0,-2.7,nonALA,Strand,34,-3.750000000000001,-0.973,-0.9375000000000002,-0.24325,4,-0.7374999999999999,-0.8154,-0.7878399999999999
1VQBA,V,35,T,Forward,7.0,25.0,-5.3,nonALA,Strand,34,8.249999999999998,4.228,1.6499999999999997,0.8455999999999999,5,-1.5775,-1.8556,-1.3317599999999998
1VQBA,V,43,C,Forward,7.0,25.0,-2.1,nonALA,Strand,42,0.07999999999999918,0.0030000000000000027,0.03999999999999959,0.0015000000000000013,2,-1.0056,-1.0106,-1.01616
1VQBA,V,43,T,Forward,7.0,25.0,-1.6,nonALA,Strand,42,3.9099999999999997,0.184,1.9549999999999998,0.092,2,-1.2737,-1.0468,-1.30808
1VQBA,V,45,A,Forward,7.0,25.0,-2.1,ALA,Strand,44,9.830000000000002,1.1420000000000001,1.4042857142857146,0.16314285714285717,7,-1.6881000000000002,-1.2384,-1.7050400000000003
1VQBA,V,45,C,Forward,7.0,25.0,-0.1,nonALA,Strand,44,2.5199999999999987,0.12300000000000003,0.3599999999999998,0.017571428571428575,7,-1.1764,-1.0346,-1.20176
1VQBA,V,45,L,Forward,7.0,25.0,-3.0,nonALA,Strand,44,-1.9600000000000004,-0.08399999999999999,-0.9800000000000002,-0.041999999999999996,2,-0.8628,-0.9932,-0.85992
1VQBA,V,45,T,Forward,7.0,25.0,-3.5,nonALA,Strand,44,12.91,1.2200000000000002,1.8442857142857143,0.17428571428571432,7,-1.9037000000000002,-1.254,-1.9452
1VQBA,V,63,C,Forward,7.0,25.0,-4.1,nonALA,Strand,62,4.779999999999999,1.1519999999999997,0.4779999999999999,0.11519999999999997,10,-1.3346,-1.2404,-1.30024
1VQBA,V,63,T,Forward,7.0,25.0,-5.0,nonALA,Strand,62,17.09,1.8,1.709,0.18,10,-2.1963,-1.37,-2.2332
1VQBA,V,70,T,Forward,7.0,25.0,-3.5,nonALA,Strand,69,0.0,0.0,0.0,0.0,0,-1.0,-1.01,-1.01
1VQBA,Y,26,R,Forward,7.0,25.0,-0.4,nonALA,Strand,25,6.77,0.22000000000000008,1.3539999999999999,0.04400000000000002,5,-1.4739,-1.054,-1.534
1VQBA,Y,41,A,Forward,7.0,25.0,-0.4,ALA,Bend,40,0.0,0.0,0.0,0.0,0,-1.0,-1.01,-1.01
1VQBA,Y,41,F,Forward,7.0,25.0,-0.6,nonALA,Bend,40,0.0,0.0,0.0,0.0,0,-1.0,-1.01,-1.01
1WQ5A,E,49,A,Forward,7.0,25.0,-0.08,ALA,Strand,48,-2.9299999999999997,-0.039999999999999813,-0.9766666666666666,-0.013333333333333272,3,-0.7948999999999999,-1.002,-0.7788
1WQ5A,E,49,A,Forward,9.0,25.0,0.59,ALA,Strand,48,-2.9299999999999997,-0.039999999999999813,-0.9766666666666666,-0.013333333333333272,3,-0.7948999999999999,-1.002,-0.7788
1WQ5A,E,49,C,Forward,7.0,25.0,0.01,nonALA,Strand,48,-5.55,-0.1299999999999999,-1.8499999999999999,-0.0433333333333333,3,-0.6114999999999999,-0.984,-0.5764
1WQ5A,E,49,C,Forward,9.0,25.0,-0.13,nonALA,Strand,48,-5.55,-0.1299999999999999,-1.8499999999999999,-0.0433333333333333,3,-0.6114999999999999,-0.984,-0.5764
1WQ5A,E,49,D,Forward,7.0,25.0,-0.8,nonALA,Strand,48,-0.41999999999999993,-0.0040000000000000036,-0.13999999999999999,-0.0013333333333333346,3,-0.9706,-1.0092,-0.97672
1WQ5A,E,49,D,Forward,9.0,25.0,-0.03,nonALA,Strand,48,-0.41999999999999993,-0.0040000000000000036,-0.13999999999999999,-0.0013333333333333346,3,-0.9706,-1.0092,-0.97672
1WQ5A,E,49,F,Forward,7.0,25.0,-0.86,nonALA,Strand,48,-9.02,0.3440000000000001,-3.0066666666666664,0.1146666666666667,3,-0.3685999999999999,-1.0788,-0.2608800000000001
1WQ5A,E,49,F,Forward,9.0,25.0,-0.02,nonALA,Strand,48,-9.02,0.3440000000000001,-3.0066666666666664,0.1146666666666667,3,-0.3685999999999999,-1.0788,-0.2608800000000001
1WQ5A,E,49,G,Forward,7.0,25.0,0.08,nonALA,Strand,48,-1.87,-0.02299999999999991,-0.6233333333333334,-0.007666666666666637,3,-0.8691,-1.0054,-0.86224
1WQ5A,E,49,G,Forward,9.0,25.0,0.6,nonALA,Strand,48,-1.87,-0.02299999999999991,-0.6233333333333334,-0.007666666666666637,3,-0.8691,-1.0054,-0.86224
1WQ5A,E,49,H,Forward,7.0,25.0,0.33,nonALA,Strand,48,-2.4299999999999997,-0.0369999999999997,-0.8099999999999999,-0.012333333333333233,3,-0.8299,-1.0026000000000002,-0.81856
1WQ5A,E,49,H,Forward,9.0,25.0,0.67,nonALA,Strand,48,-2.4299999999999997,-0.0369999999999997,-0.8099999999999999,-0.012333333333333233,3,-0.8299,-1.0026000000000002,-0.81856
1WQ5A,E,49,I,Forward,7.0,25.0,0.46,nonALA,Strand,48,-7.87,-0.10899999999999976,-2.6233333333333335,-0.03633333333333325,3,-0.44909999999999994,-0.9882000000000001,-0.38912
1WQ5A,E,49,I,Forward,9.0,25.0,1.24,nonALA,Strand,48,-7.87,-0.10899999999999976,-2.6233333333333335,-0.03633333333333325,3,-0.44909999999999994,-0.9882000000000001,-0.38912
1WQ5A,E,49,K,Forward,7.0,25.0,0.2,nonALA,Strand,48,0.7600000000000002,0.0040000000000000036,0.2533333333333334,0.0013333333333333346,3,-1.0532,-1.0108,-1.07048
1WQ5A,E,49,K,Forward,9.0,25.0,0.39,nonALA,Strand,48,0.7600000000000002,0.0040000000000000036,0.2533333333333334,0.0013333333333333346,3,-1.0532,-1.0108,-1.07048
1WQ5A,E,49,L,Forward,7.0,25.0,0.44,nonALA,Strand,48,-9.15,0.2889999999999999,-3.0500000000000003,0.09633333333333331,3,-0.35949999999999993,-1.0678,-0.25488
1WQ5A,E,49,L,Forward,9.0,25.0,1.04,nonALA,Strand,48,-9.15,0.2889999999999999,-3.0500000000000003,0.09633333333333331,3,-0.35949999999999993,-1.0678,-0.25488
1WQ5A,E,49,M,Forward,7.0,25.0,-0.05,nonALA,Strand,48,-6.469999999999999,-0.1499999999999999,-2.1566666666666663,-0.04999999999999997,3,-0.5471,-0.98,-0.5044000000000001
1WQ5A,E,49,M,Forward,9.0,25.0,0.52,nonALA,Strand,48,-6.469999999999999,-0.1499999999999999,-2.1566666666666663,-0.04999999999999997,3,-0.5471,-0.98,-0.5044000000000001
1WQ5A,E,49,N,Forward,7.0,25.0,-0.69,nonALA,Strand,48,-0.5900000000000003,-0.005999999999999783,-0.19666666666666677,-0.0019999999999999276,3,-0.9587,-1.0088000000000001,-0.9632799999999999
1WQ5A,E,49,N,Forward,9.0,25.0,0.27,nonALA,Strand,48,-0.5900000000000003,-0.005999999999999783,-0.19666666666666677,-0.0019999999999999276,3,-0.9587,-1.0088000000000001,-0.9632799999999999
1WQ5A,E,49,P,Forward,7.0,25.0,0.0,nonALA,Strand,48,-1.23,-0.01499999999999968,-0.41,-0.004999999999999893,3,-0.9138999999999999,-1.0070000000000001,-0.9128
1WQ5A,E,49,P,Forward,9.0,25.0,0.8,nonALA,Strand,48,-1.23,-0.01499999999999968,-0.41,-0.004999999999999893,3,-0.9138999999999999,-1.0070000000000001,-0.9128
1WQ5A,E,49,Q,Forward,7.0,25.0,-0.23,nonALA,Strand,48,-0.8499999999999999,-0.008999999999999897,-0.28333333333333327,-0.002999999999999966,3,-0.9405,-1.0082,-0.94272
1WQ5A,E,49,Q,Forward,9.0,25.0,0.54,nonALA,Strand,48,-0.8499999999999999,-0.008999999999999897,-0.28333333333333327,-0.002999999999999966,3,-0.9405,-1.0082,-0.94272
1WQ5A,E,49,S,Forward,7.0,25.0,-0.59,nonALA,Strand,48,-1.04,-0.011999999999999789,-0.3466666666666667,-0.00399999999999993,3,-0.9272,-1.0076,-0.92776
1WQ5A,E,49,S,Forward,9.0,25.0,0.09,nonALA,Strand,48,-1.04,-0.011999999999999789,-0.3466666666666667,-0.00399999999999993,3,-0.9272,-1.0076,-0.92776
1WQ5A,E,49,T,Forward,7.0,25.0,-0.62,nonALA,Strand,48,-2.1000000000000005,-0.02400000000000002,-0.7000000000000002,-0.008000000000000007,3,-0.853,-1.0052,-0.84392
1WQ5A,E,49,T,Forward,9.0,25.0,-0.26,nonALA,Strand,48,-2.1000000000000005,-0.02400000000000002,-0.7000000000000002,-0.008000000000000007,3,-0.853,-1.0052,-0.84392
1WQ5A,E,49,V,Forward,7.0,25.0,0.14,nonALA,Strand,48,-6.51,-0.12599999999999967,-2.17,-0.04199999999999989,3,-0.5443,-0.9848000000000001,-0.49927999999999995
1WQ5A,E,49,V,Forward,9.0,25.0,1.01,nonALA,Strand,48,-6.51,-0.12599999999999967,-2.17,-0.04199999999999989,3,-0.5443,-0.9848000000000001,-0.49927999999999995
1WQ5A,E,49,W,Forward,7.0,25.0,-0.97,nonALA,Strand,48,-6.220000000000001,-0.1469999999999998,-2.0733333333333337,-0.04899999999999993,3,-0.5646,-0.9806,-0.52416
1WQ5A,E,49,W,Forward,9.0,25.0,-1.1,nonALA,Strand,48,-6.220000000000001,-0.1469999999999998,-2.0733333333333337,-0.04899999999999993,3,-0.5646,-0.9806,-0.52416
1WQ5A,E,49,Y,Forward,7.0,25.0,-0.17,nonALA,Strand,48,-5.069999999999999,-0.09299999999999975,-1.6899999999999997,-0.030999999999999917,3,-0.6451,-0.9914000000000001,-0.61184
1WQ5A,E,49,Y,Forward,9.0,25.0,0.26,nonALA,Strand,48,-5.069999999999999,-0.09299999999999975,-1.6899999999999997,-0.030999999999999917,3,-0.6451,-0.9914000000000001,-0.61184
1WQ5A,G,211,E,Forward,7.8,57.8,0.6,nonALA,Strand,200,1.0200000000000002,0.004999999999999893,1.0200000000000002,0.004999999999999893,1,-1.0714000000000001,-1.011,-1.0912
1WQ5A,G,211,R,Forward,7.8,57.8,0.1,nonALA,Strand,200,0.5200000000000002,0.0039999999999998925,0.5200000000000002,0.0039999999999998925,1,-1.0364,-1.0108,-1.05128
1WQ5A,P,132,A,Forward,9.0,54.1,-0.92,ALA,None,123,0.0,0.0,0.0,0.0,0,-1.0,-1.01,-1.01
1WQ5A,P,132,G,Forward,9.0,54.1,-0.78,nonALA,None,123,0.0,0.0,0.0,0.0,0,-1.0,-1.01,-1.01
1WQ5A,P,207,A,Forward,9.0,54.1,-1.64,ALA,None,196,-2.8000000000000003,-0.14800000000000024,-0.46666666666666673,-0.024666666666666708,6,-0.8039999999999999,-0.9803999999999999,-0.79784
1WQ5A,P,96,A,Forward,9.0,54.1,-2.0,ALA,None,87,-2.0699999999999994,-0.09700000000000031,-0.3449999999999999,-0.016166666666666718,6,-0.8551,-0.9905999999999999,-0.85216
2ABDA,A,34,G,Forward,5.3,5.0,-1.57,nonALA,Alpha Helix,33,2.9099999999999997,0.1269999999999991,0.26454545454545453,0.011545454545454465,11,-1.2037,-1.0353999999999999,-1.23264
2ABDA,A,9,G,Forward,5.3,5.0,-1.81,nonALA,Alpha Helix,8,4.020000000000001,0.5690000000000004,0.4466666666666668,0.06322222222222226,9,-1.2814,-1.1238000000000001,-1.2860800000000001
2ABDA,D,21,A,Forward,5.3,5.0,0.42,ALA,Alpha Helix,20,-5.210000000000001,-0.22300000000000014,-0.7442857142857144,-0.031857142857142876,7,-0.6353,-0.9654,-0.6110399999999999
2ABDA,E,67,A,Forward,5.3,5.0,-0.36,ALA,Alpha Helix,66,-1.9300000000000004,-3.3306690738754696e-16,-0.6433333333333334,-1.1102230246251565e-16,3,-0.8649,-1.01,-0.8556
2ABDA,F,5,A,Forward,5.3,5.0,-2.52,ALA,Alpha Helix,4,13.579999999999998,6.082999999999999,2.263333333333333,1.0138333333333331,6,-1.9506000000000001,-2.2266,-1.60976
2ABDA,K,32,A,Forward,5.3,5.0,-1.02,ALA,Alpha Helix,31,-8.41,-0.3109999999999993,-1.2014285714285715,-0.044428571428571324,7,-0.4112999999999999,-0.9478000000000002,-0.36207999999999996
2ABDA,K,32,E,Forward,5.3,5.0,-1.68,nonALA,Alpha Helix,31,-0.6100000000000005,-0.032999999999999585,-0.08714285714285722,-0.004714285714285655,7,-0.9572999999999999,-1.0034,-0.9638399999999999
2ABDA,K,52,M,Forward,5.3,5.0,0.18,nonALA,Alpha Helix,51,-10.770000000000001,-0.43799999999999994,-2.1540000000000004,-0.08759999999999998,5,-0.24609999999999987,-0.9224,-0.18343999999999994
2ABDA,K,54,A,Forward,5.3,5.0,-0.86,ALA,Alpha Helix,53,-10.09,-0.9859999999999999,-0.9172727272727272,-0.08963636363636363,11,-0.29369999999999996,-0.8128,-0.28168000000000004
2ABDA,K,54,M,Forward,5.3,5.0,0.27,nonALA,Alpha Helix,53,-22.119999999999997,-7.957000000000001,-2.2119999999999997,-0.7957000000000001,10,0.5484,0.5814000000000001,0.12303999999999982
2ABDA,L,15,A,Forward,5.3,5.0,-3.1,ALA,None,14,9.07,2.262,1.5116666666666667,0.377,6,-1.6349,-1.4624000000000001,-1.55464
2ABDA,L,25,A,Forward,5.3,5.0,-1.02,ALA,Alpha Helix,24,16.669999999999998,2.3349999999999995,2.0837499999999998,0.29187499999999994,8,-2.1669,-1.4769999999999999,-2.1568
2ABDA,L,80,A,Forward,5.3,5.0,-3.7,ALA,Alpha Helix,79,14.760000000000002,2.806,2.108571428571429,0.40085714285714286,7,-2.0332,-1.5712000000000002,-1.96632
2ABDA,Q,33,A,Forward,5.3,5.0,-3.66,ALA,Alpha Helix,32,-7.5200000000000005,-1.1069999999999998,-0.5013333333333334,-0.07379999999999999,15,-0.4735999999999999,-0.7886000000000001,-0.49695999999999996
2ABDA,T,35,A,Forward,5.3,5.0,-1.09,ALA,Alpha Helix,34,-1.1700000000000008,-0.04299999999999993,-0.23400000000000015,-0.008599999999999986,5,-0.9180999999999999,-1.0014,-0.91984
2ABDA,V,12,A,Forward,5.3,5.0,-1.69,ALA,Alpha Helix,11,13.659999999999998,3.4499999999999993,1.1383333333333332,0.2874999999999999,12,-1.9562,-1.7,-1.8268
2ABDA,V,77,A,Forward,5.3,5.0,-1.14,ALA,Alpha Helix,76,13.07,3.4799999999999995,1.307,0.348,10,-1.9149000000000003,-1.706,-1.7772000000000001
2ABDA,Y,28,A,Forward,5.3,5.0,-2.47,ALA,Alpha Helix,27,6.140000000000001,0.3019999999999998,0.8771428571428572,0.043142857142857115,7,-1.4298000000000002,-1.0704,-1.4770400000000001
2ABDA,Y,28,F,Forward,5.3,5.0,-1.06,nonALA,Alpha Helix,27,-9.28,-4.893,-1.3257142857142856,-0.699,7,-0.35039999999999993,-0.031399999999999983,-0.6590400000000001
2ABDA,Y,28,N,Forward,5.3,5.0,-2.23,nonALA,Alpha Helix,27,10.280000000000001,0.3830000000000007,1.4685714285714286,0.05471428571428581,7,-1.7196000000000002,-1.0866000000000002,-1.80176
2ABDA,Y,31,N,Forward,5.3,5.0,-1.52,nonALA,Alpha Helix,30,14.699999999999998,1.885,1.3363636363636362,0.17136363636363636,11,-2.029,-1.387,-2.0351999999999997
2ABDA,Y,73,A,Forward,5.3,5.0,-4.83,ALA,Alpha Helix,72,10.77,2.404999999999999,0.8284615384615385,0.18499999999999991,13,-1.7539,-1.4909999999999999,-1.6792
2ABDA,Y,73,F,Forward,5.3,5.0,0.27,nonALA,Alpha Helix,72,-13.369999999999997,-4.175999999999999,-1.0284615384615383,-0.32123076923076915,13,-0.06410000000000005,-0.17480000000000007,-0.27448000000000006
2AFGA,C,117,S,Forward,6.6,25.0,-0.62,nonALA,Isolated beta-bridge,107,13.910000000000002,2.0199999999999996,1.5455555555555558,0.2244444444444444,9,-1.9737000000000002,-1.414,-1.9612000000000003
2AFGA,C,117,S,Forward,6.6,39.45,-0.26,nonALA,Isolated beta-bridge,107,13.910000000000002,2.0199999999999996,1.5455555555555558,0.2244444444444444,9,-1.9737000000000002,-1.414,-1.9612000000000003
2AFGA,C,83,S,Forward,6.6,25.0,-1.91,nonALA,3-10 Helix,73,12.16,0.2289999999999999,1.216,0.02289999999999999,10,-1.8512,-1.0558,-1.96448
2AFGA,F,108,Y,Forward,7.3,39.8,0.33,nonALA,Isolated beta-bridge,98,21.19,6.358999999999999,1.2464705882352942,0.3740588235294117,17,-2.4833000000000003,-2.2817999999999996,-2.19648
2AFGA,F,108,Y,Forward,7.3,40.7,0.33,nonALA,Isolated beta-bridge,98,21.19,6.358999999999999,1.2464705882352942,0.3740588235294117,17,-2.4833000000000003,-2.2817999999999996,-2.19648
2AFGA,H,102,Y,Forward,7.3,39.8,0.4,nonALA,Turn,92,-3.88,-0.2430000000000001,-0.776,-0.04860000000000002,5,-0.7283999999999999,-0.9614,-0.71904
2AFGA,H,102,Y,Forward,7.3,40.7,0.1,nonALA,Turn,92,-3.88,-0.2430000000000001,-0.776,-0.04860000000000002,5,-0.7283999999999999,-0.9614,-0.71904
2AFGA,H,21,Y,Forward,7.3,39.8,0.75,nonALA,Strand,11,-8.25,-1.2260000000000002,-0.825,-0.12260000000000001,10,-0.4225,-0.7647999999999999,-0.44808000000000003
2AFGA,H,21,Y,Forward,7.3,40.7,0.38,nonALA,Strand,11,-8.25,-1.2260000000000002,-0.825,-0.12260000000000001,10,-0.4225,-0.7647999999999999,-0.44808000000000003
2AFGA,H,93,G,Forward,6.6,25.0,0.55,nonALA,Bend,83,0.3799999999999999,0.010000000000000009,0.3799999999999999,0.010000000000000009,1,-1.0266,-1.012,-1.0396
2AFGA,H,93,G,Forward,6.6,39.45,1.6,nonALA,Bend,83,0.3799999999999999,0.010000000000000009,0.3799999999999999,0.010000000000000009,1,-1.0266,-1.012,-1.0396
2AFGA,L,44,F,Forward,7.3,39.8,0.31,nonALA,Strand,34,0.29000000000000004,0.16400000000000015,0.04833333333333334,0.02733333333333336,6,-1.0203,-1.0428,-1.02008
2AFGA,L,44,F,Forward,7.3,40.7,0.47,nonALA,Strand,34,0.29000000000000004,0.16400000000000015,0.04833333333333334,0.02733333333333336,6,-1.0203,-1.0428,-1.02008
2AFGA,V,109,I,Forward,7.3,39.8,-0.08,nonALA,None,99,-7.39,-1.1389999999999998,-0.49266666666666664,-0.07593333333333332,15,-0.4827,-0.7822,-0.50992
2AFGA,V,109,I,Forward,7.3,40.7,-0.11,nonALA,None,99,-7.39,-1.1389999999999998,-0.49266666666666664,-0.07593333333333332,15,-0.4827,-0.7822,-0.50992
2CI2I,A,77,G,Forward,6.3,25.0,-1.88,nonALA,None,58,4.77,1.263,0.4336363636363636,0.1148181818181818,11,-1.3338999999999999,-1.2626,-1.29056
2CI2I,E,60,A,Forward,6.3,25.0,-0.68,ALA,None,41,-1.09,-0.010000000000000009,-1.09,-0.010000000000000009,1,-0.9237,-1.008,-0.9236
2CI2I,I,49,G,Forward,6.3,25.0,-3.52,nonALA,Strand,30,2.2,0.9019999999999999,1.1,0.45099999999999996,2,-1.154,-1.1904,-1.11384
2CI2I,I,49,T,Forward,6.3,25.0,-1.34,nonALA,Strand,30,1.94,0.5439999999999999,0.97,0.27199999999999996,2,-1.1358,-1.1188,-1.12168
2CI2I,T,22,G,Forward,6.3,25.0,-1.16,nonALA,None,3,0.6200000000000003,0.03299999999999992,0.08857142857142862,0.004714285714285703,7,-1.0434,-1.0166,-1.0569600000000001
2CI2I,T,22,V,Forward,6.3,25.0,-0.32,nonALA,None,3,-11.209999999999999,-1.655000000000001,-1.6014285714285712,-0.23642857142857157,7,-0.21529999999999994,-0.6789999999999998,-0.24560000000000015
2CI2I,T,58,D,Forward,6.3,25.0,0.04,nonALA,None,39,0.0,0.0,0.0,0.0,0,-1.0,-1.01,-1.01
2CI2I,V,53,G,Forward,6.3,25.0,-2.43,nonALA,Turn,34,5.409999999999999,2.042,1.3524999999999998,0.5105,4,-1.3787,-1.4184,-1.27944
2CI2I,V,79,A,Forward,6.3,25.0,-1.51,ALA,None,60,11.07,1.468,1.38375,0.1835,8,-1.7749000000000001,-1.3036,-1.7781600000000002
2CI2I,V,79,G,Forward,6.3,25.0,-3.24,nonALA,None,60,15.05,1.8199999999999998,1.88125,0.22749999999999998,8,-2.0535,-1.374,-2.0684
2CI2I,V,79,T,Forward,6.3,25.0,-0.38,nonALA,None,60,13.59,1.766,1.69875,0.22075,8,-1.9513,-1.3632,-1.9559199999999999
2CI2I,V,82,A,Forward,6.3,25.0,-1.45,ALA,Strand,63,13.509999999999998,2.6999999999999993,1.228181818181818,0.2454545454545454,11,-1.9457,-1.5499999999999998,-1.8748
2CI2I,V,82,G,Forward,6.3,25.0,-3.5,nonALA,Strand,63,16.86,3.4610000000000003,1.5327272727272727,0.31463636363636366,11,-2.1802,-1.7022000000000002,-2.08192
2CI2I,V,82,T,Forward,6.3,25.0,-1.15,nonALA,Strand,63,15.049999999999997,3.3739999999999997,1.368181818181818,0.3067272727272727,11,-2.0534999999999997,-1.6848,-1.94408
2DRIA,A,188,C,Forward,7.6,25.0,-1.8,nonALA,Strand,187,-0.8500000000000001,-0.0010000000000000009,-0.8500000000000001,-0.0010000000000000009,1,-0.9405,-1.0098,-0.94208
2DRIA,L,62,C,Forward,7.6,25.0,-2.7,nonALA,Strand,61,4.860000000000001,0.121,1.2150000000000003,0.03025,4,-1.3402,-1.0342,-1.3891200000000001
2HPRA,S,46,D,Forward,7.0,73.6,0.7,nonALA,None,44,2.4499999999999993,0.016000000000000014,0.3499999999999999,0.0022857142857142876,7,-1.1715,-1.0132,-1.20472
2LZMA,D,89,A,Forward,3.05,44.0,-0.7,ALA,Alpha Helix,88,0.0,0.0,0.0,0.0,0,-1.0,-1.01,-1.01
2LZMA,D,89,A,Forward,5.35,58.0,-0.5,ALA,Alpha Helix,88,0.0,0.0,0.0,0.0,0,-1.0,-1.01,-1.01
2LZMA,E,108,V,Forward,3.02,51.6,1.4,nonALA,Alpha Helix,107,-31.82,-2.641,-2.4476923076923076,-0.20315384615384616,13,1.2274000000000003,-0.4818,1.3243200000000004
2LZMA,G,28,A,Forward,3.02,51.6,-2.0,ALA,Strand,27,-2.78,0.118,-0.39714285714285713,0.016857142857142855,7,-0.8054,-1.0336,-0.77816
2LZMA,I,100,V,Forward,5.35,61.0,-0.4,nonALA,Alpha Helix,99,5.470000000000001,0.3549999999999999,0.547,0.03549999999999999,10,-1.3829,-1.081,-1.4192
2LZMA,I,78,V,Forward,5.35,61.0,-0.8,nonALA,Alpha Helix,77,7.119999999999999,3.011,0.5476923076923076,0.2316153846153846,13,-1.4984,-1.6122,-1.33872
2LZMA,K,85,A,Forward,3.05,44.0,0.1,ALA,Alpha Helix,84,-9.430000000000001,-0.30000000000000004,-1.047777777777778,-0.03333333333333334,9,-0.33989999999999987,-0.95,-0.27959999999999996
2LZMA,K,85,A,Forward,5.35,58.0,-0.6,ALA,Alpha Helix,84,-9.430000000000001,-0.30000000000000004,-1.047777777777778,-0.03333333333333334,9,-0.33989999999999987,-0.95,-0.27959999999999996
2LZMA,L,118,I,Forward,5.35,61.0,-1.2,nonALA,Alpha Helix,117,2.590000000000002,0.5730000000000001,0.3700000000000003,0.08185714285714286,7,-1.1813000000000002,-1.1246,-1.1713600000000002
2LZMA,L,133,F,Forward,5.35,61.0,-0.3,nonALA,Alpha Helix,132,-3.3499999999999988,1.0040000000000002,-0.41874999999999984,0.12550000000000003,8,-0.7655000000000001,-1.2108,-0.66168
2LZMA,M,102,L,Forward,5.35,61.0,-1.0,nonALA,Alpha Helix,101,-5.8999999999999995,-0.854,-0.8428571428571427,-0.122,7,-0.587,-0.8392,-0.60632
2LZMA,M,106,I,Forward,5.35,61.0,0.2,nonALA,Alpha Helix,105,-0.23000000000000043,-0.06999999999999984,-0.23000000000000043,-0.06999999999999984,1,-0.9839,-0.996,-0.9972
2LZMA,M,120,Y,Forward,5.35,61.0,-0.1,nonALA,Alpha Helix,119,-0.2799999999999998,0.966,-0.06999999999999995,0.2415,4,-0.9804,-1.2032,-0.91032
2LZMA,N,68,A,Forward,2.5,47.8,-0.05,ALA,Alpha Helix,67,-5.34,-0.03499999999999996,-0.5933333333333333,-0.0038888888888888844,9,-0.6262,-1.0030000000000001,-0.5856
2LZMA,R,119,E,Forward,5.3,25.0,0.0,nonALA,Alpha Helix,118,-1.2899999999999998,0.0020000000000000087,-0.42999999999999994,0.0006666666666666696,3,-0.9097,-1.0104,-0.90664
2LZMA,R,96,A,Forward,3.05,44.0,-2.0,ALA,Alpha Helix,95,-0.8299999999999996,0.098,-0.8299999999999996,0.098,1,-0.9419000000000001,-1.0296,-0.93576
2LZMA,R,96,A,Forward,5.35,58.0,-2.0,ALA,Alpha Helix,95,-0.8299999999999996,0.098,-0.8299999999999996,0.098,1,-0.9419000000000001,-1.0296,-0.93576
2LZMA,R,96,C,Forward,3.05,44.0,-2.9,nonALA,Alpha Helix,95,-1.8199999999999998,0.08299999999999999,-1.8199999999999998,0.08299999999999999,1,-0.8726,-1.0266,-0.8577600000000001
2LZMA,R,96,C,Forward,5.35,58.0,-2.9,nonALA,Alpha Helix,95,-1.8199999999999998,0.08299999999999999,-1.8199999999999998,0.08299999999999999,1,-0.8726,-1.0266,-0.8577600000000001
2LZMA,R,96,D,Forward,3.05,44.0,-2.3,nonALA,Alpha Helix,95,6.170000000000001,0.15300000000000002,0.47461538461538466,0.011769230769230771,13,-1.4319000000000002,-1.0406,-1.4913600000000002
2LZMA,R,96,D,Forward,5.35,58.0,-3.5,nonALA,Alpha Helix,95,6.170000000000001,0.15300000000000002,0.47461538461538466,0.011769230769230771,13,-1.4319000000000002,-1.0406,-1.4913600000000002
2LZMA,R,96,E,Forward,3.05,44.0,-1.9,nonALA,Alpha Helix,95,6.280000000000001,0.10200000000000001,0.4830769230769232,0.007846153846153846,13,-1.4396,-1.0304,-1.50424
2LZMA,R,96,E,Forward,5.35,58.0,-2.5,nonALA,Alpha Helix,95,6.280000000000001,0.10200000000000001,0.4830769230769232,0.007846153846153846,13,-1.4396,-1.0304,-1.50424
2LZMA,R,96,F,Forward,3.05,44.0,-4.2,nonALA,Alpha Helix,95,-12.57,-1.51,-2.5140000000000002,-0.302,5,-0.12009999999999987,-0.708,-0.12519999999999998
2LZMA,R,96,F,Forward,5.35,58.0,-4.2,nonALA,Alpha Helix,95,-12.57,-1.51,-2.5140000000000002,-0.302,5,-0.12009999999999987,-0.708,-0.12519999999999998
2LZMA,R,96,G,Forward,3.05,44.0,-3.2,nonALA,Alpha Helix,95,-0.8899999999999995,0.125,-0.06846153846153842,0.009615384615384616,13,-0.9377,-1.035,-0.9288000000000001
2LZMA,R,96,G,Forward,5.35,58.0,-2.6,nonALA,Alpha Helix,95,-0.8899999999999995,0.125,-0.06846153846153842,0.009615384615384616,13,-0.9377,-1.035,-0.9288000000000001
2LZMA,R,96,H,Forward,3.05,44.0,-3.8,nonALA,Alpha Helix,95,-0.7899999999999996,0.10600000000000001,-0.7899999999999996,0.10600000000000001,1,-0.9447,-1.0312000000000001,-0.93832
2LZMA,R,96,H,Forward,5.35,58.0,-3.1,nonALA,Alpha Helix,95,-0.7899999999999996,0.10600000000000001,-0.7899999999999996,0.10600000000000001,1,-0.9447,-1.0312000000000001,-0.93832
2LZMA,R,96,I,Forward,3.05,44.0,-2.8,nonALA,Alpha Helix,95,-2.86,-0.0010000000000000009,-2.86,-0.0010000000000000009,1,-0.7998,-1.0098,-0.78128
2LZMA,R,96,I,Forward,5.35,58.0,-2.9,nonALA,Alpha Helix,95,-2.86,-0.0010000000000000009,-2.86,-0.0010000000000000009,1,-0.7998,-1.0098,-0.78128
2LZMA,R,96,K,Forward,3.05,44.0,-0.5,nonALA,Alpha Helix,95,7.539999999999999,0.16100000000000003,0.58,0.012384615384615386,13,-1.5278,-1.0422,-1.60032
2LZMA,R,96,K,Forward,5.35,58.0,0.0,nonALA,Alpha Helix,95,7.539999999999999,0.16100000000000003,0.58,0.012384615384615386,13,-1.5278,-1.0422,-1.60032
2LZMA,R,96,L,Forward,3.05,44.0,-3.2,nonALA,Alpha Helix,95,-12.61,-1.531,-2.522,-0.30619999999999997,5,-0.11729999999999996,-0.7038,-0.12368000000000012
2LZMA,R,96,L,Forward,5.35,58.0,-3.2,nonALA,Alpha Helix,95,-12.61,-1.531,-2.522,-0.30619999999999997,5,-0.11729999999999996,-0.7038,-0.12368000000000012
2LZMA,R,96,M,Forward,3.05,44.0,-2.5,nonALA,Alpha Helix,95,-13.229999999999999,-2.137,-1.6537499999999998,-0.267125,8,-0.07389999999999997,-0.5826,-0.12256000000000011
2LZMA,R,96,M,Forward,5.35,58.0,-2.7,nonALA,Alpha Helix,95,-13.229999999999999,-2.137,-1.6537499999999998,-0.267125,8,-0.07389999999999997,-0.5826,-0.12256000000000011
2LZMA,R,96,N,Forward,3.05,44.0,-3.3,nonALA,Alpha Helix,95,3.2799999999999994,0.06800000000000003,0.25230769230769223,0.005230769230769233,13,-1.2296,-1.0236,-1.26696
2LZMA,R,96,N,Forward,5.35,58.0,-3.0,nonALA,Alpha Helix,95,3.2799999999999994,0.06800000000000003,0.25230769230769223,0.005230769230769233,13,-1.2296,-1.0236,-1.26696
2LZMA,R,96,P,Forward,3.05,44.0,-6.0,nonALA,Alpha Helix,95,0.4100000000000008,0.124,0.0315384615384616,0.009538461538461539,13,-1.0287000000000002,-1.0348,-1.03288
2LZMA,R,96,P,Forward,5.35,58.0,-5.5,nonALA,Alpha Helix,95,0.4100000000000008,0.124,0.0315384615384616,0.009538461538461539,13,-1.0287000000000002,-1.0348,-1.03288
2LZMA,R,96,Q,Forward,3.05,44.0,-0.7,nonALA,Alpha Helix,95,1.6100000000000012,0.163,0.12384615384615394,0.012538461538461538,13,-1.1127,-1.0426,-1.12576
2LZMA,R,96,Q,Forward,5.35,58.0,-0.3,nonALA,Alpha Helix,95,1.6100000000000012,0.163,0.12384615384615394,0.012538461538461538,13,-1.1127,-1.0426,-1.12576
2LZMA,R,96,S,Forward,3.05,44.0,-2.8,nonALA,Alpha Helix,95,1.6800000000000022,0.039000000000000035,0.1292307692307694,0.0030000000000000027,13,-1.1176000000000001,-1.0178,-1.14128
2LZMA,R,96,S,Forward,5.35,58.0,-2.6,nonALA,Alpha Helix,95,1.6800000000000022,0.039000000000000035,0.1292307692307694,0.0030000000000000027,13,-1.1176000000000001,-1.0178,-1.14128
2LZMA,R,96,T,Forward,3.05,44.0,-3.1,nonALA,Alpha Helix,95,-0.5400000000000003,0.12099999999999997,-0.27000000000000013,0.060499999999999984,2,-0.9621999999999999,-1.0342,-0.95712
2LZMA,R,96,T,Forward,5.35,58.0,-2.8,nonALA,Alpha Helix,95,-0.5400000000000003,0.12099999999999997,-0.27000000000000013,0.060499999999999984,2,-0.9621999999999999,-1.0342,-0.95712
2LZMA,R,96,V,Forward,3.05,44.0,-2.5,nonALA,Alpha Helix,95,-12.879999999999999,-2.163,-1.6099999999999999,-0.270375,8,-0.09839999999999993,-0.5774,-0.1526400000000001
2LZMA,R,96,V,Forward,5.35,58.0,-2.4,nonALA,Alpha Helix,95,-12.879999999999999,-2.163,-1.6099999999999999,-0.270375,8,-0.09839999999999993,-0.5774,-0.1526400000000001
2LZMA,R,96,W,Forward,3.05,44.0,-4.2,nonALA,Alpha Helix,95,-12.549999999999999,-2.1039999999999996,-1.5687499999999999,-0.26299999999999996,8,-0.12149999999999994,-0.5892000000000001,-0.17432000000000003
2LZMA,R,96,W,Forward,5.35,58.0,-4.5,nonALA,Alpha Helix,95,-12.549999999999999,-2.1039999999999996,-1.5687499999999999,-0.26299999999999996,8,-0.12149999999999994,-0.5892000000000001,-0.17432000000000003
2LZMA,R,96,Y,Forward,3.05,44.0,-4.5,nonALA,Alpha Helix,95,-1.6800000000000002,0.095,-1.6800000000000002,0.095,1,-0.8824,-1.029,-0.868
2LZMA,R,96,Y,Forward,5.35,58.0,-4.7,nonALA,Alpha Helix,95,-1.6800000000000002,0.095,-1.6800000000000002,0.095,1,-0.8824,-1.029,-0.868
2LZMA,S,44,A,Forward,2.5,47.8,-0.44,ALA,Alpha Helix,43,-5.380000000000001,-0.007000000000000006,-0.7685714285714287,-0.0010000000000000009,7,-0.6234,-1.0086,-0.5801599999999999
2LZMA,V,103,I,Forward,5.35,61.0,-0.5,nonALA,Alpha Helix,102,-5.330000000000001,-0.997,-0.44416666666666677,-0.08308333333333333,12,-0.6268999999999999,-0.8106,-0.66336
2LZMA,V,111,A,Forward,5.35,61.0,-1.1,ALA,Alpha Helix,110,16.01,-0.08499999999999991,1.3341666666666667,-0.007083333333333326,12,-2.1207000000000003,-0.993,-2.2976
2LZMA,V,149,I,Forward,5.35,61.0,0.0,nonALA,Alpha Helix,148,-5.77,0.0919999999999998,-0.6411111111111111,0.0102222222222222,9,-0.5961000000000001,-1.0284,-0.5410400000000001
2LZMA,V,87,I,Forward,5.35,61.0,-0.3,nonALA,Alpha Helix,86,-0.6000000000000001,-0.04100000000000001,-0.6000000000000001,-0.04100000000000001,1,-0.958,-1.0018,-0.96528
2RN2A,A,52,F,Forward,3.2,53.0,0.5,nonALA,Alpha Helix,51,-17.12,-5.848,-2.14,-0.731,8,0.19840000000000013,0.15959999999999996,-0.10823999999999978
2WSYA,A,18,G,Forward,7.8,25.0,-1.5,nonALA,Strand,17,7.74,0.4360000000000001,0.45529411764705885,0.02564705882352942,17,-1.5418,-1.0972,-1.5943200000000002
3MBPA,A,276,G,Forward,7.6,25.0,-1.5,nonALA,Alpha Helix,275,0.0,0.0,0.0,0.0,0,-1.0,-1.01,-1.01
3MBPA,D,55,N,Forward,7.6,25.0,0.0,nonALA,None,54,0.3999999999999997,-0.0020000000000000018,0.19999999999999984,-0.0010000000000000009,2,-1.028,-1.0096,-1.04216
3MBPA,G,19,C,Forward,7.6,25.0,-2.3,nonALA,Alpha Helix,18,0.0,0.0,0.0,0.0,0,-1.0,-1.01,-1.01
3MBPA,P,133,A,Forward,7.4,63.0,-0.3,ALA,Alpha Helix,132,0.0,0.0,0.0,0.0,0,-1.0,-1.01,-1.01
3MBPA,P,133,S,Forward,7.4,63.0,-2.1,nonALA,Alpha Helix,132,0.0,0.0,0.0,0.0,0,-1.0,-1.01,-1.01
3MBPA,P,159,A,Forward,7.4,63.0,-1.8,ALA,Alpha Helix,158,-0.43999999999999995,0.1060000000000001,-0.43999999999999995,0.1060000000000001,1,-0.9692,-1.0312000000000001,-0.96632
3MBPA,P,159,S,Forward,7.4,63.0,-2.1,nonALA,Alpha Helix,158,0.050000000000000044,0.009000000000000119,0.050000000000000044,0.009000000000000119,1,-1.0035,-1.0118,-1.01328
3MBPA,P,48,A,Forward,7.4,63.0,0.5,ALA,Alpha Helix,47,0.0,0.0,0.0,0.0,0,-1.0,-1.01,-1.01
3MBPA,P,48,S,Forward,7.4,63.0,0.3,nonALA,Alpha Helix,47,0.0,0.0,0.0,0.0,0,-1.0,-1.01,-1.01
3MBPA,T,345,I,Forward,7.6,25.0,0.7,nonALA,Alpha Helix,344,-1.8599999999999999,-0.008000000000000007,-1.8599999999999999,-0.008000000000000007,1,-0.8698,-1.0084,-0.86184
3MBPA,V,8,G,Forward,7.6,25.0,-1.1,nonALA,Strand,7,0.0,0.0,0.0,0.0,0,-1.0,-1.01,-1.01
3MBPA,Y,283,D,Forward,7.6,25.0,-3.2,nonALA,Pi Helix,282,0.0,0.0,0.0,0.0,0,-1.0,-1.01,-1.01
